Date,^GSPC_Open
2020-01-02,3244.669921875
2020-01-03,3226.360107421875
2020-01-06,3217.550048828125
2020-01-07,3241.860107421875
2020-01-08,3238.590087890625
2020-01-09,3266.030029296875
2020-01-10,3281.81005859375
2020-01-13,3271.1298828125
2020-01-14,3285.35009765625
2020-01-15,3282.27001953125
2020-01-16,3302.969970703125
2020-01-17,3323.659912109375
2020-01-21,3321.030029296875
2020-01-22,3330.02001953125
2020-01-23,3315.77001953125
2020-01-24,3333.10009765625
2020-01-27,3247.159912109375
2020-01-28,3255.35009765625
2020-01-29,3289.4599609375
2020-01-30,3256.449951171875
2020-01-31,3282.330078125
2020-02-03,3235.659912109375
2020-02-04,3280.610107421875
2020-02-05,3324.909912109375
2020-02-06,3344.919921875
2020-02-07,3335.5400390625
2020-02-10,3318.280029296875
2020-02-11,3365.8701171875
2020-02-12,3370.5
2020-02-13,3365.89990234375
2020-02-14,3378.080078125
2020-02-18,3369.0400390625
2020-02-19,3380.389892578125
2020-02-20,3380.449951171875
2020-02-21,3360.5
2020-02-24,3257.610107421875
2020-02-25,3238.93994140625
2020-02-26,3139.89990234375
2020-02-27,3062.5400390625
2020-02-28,2916.89990234375
2020-03-02,2974.280029296875
2020-03-03,3096.4599609375
2020-03-04,3045.75
2020-03-05,3075.699951171875
2020-03-06,2954.199951171875
2020-03-09,2863.889892578125
2020-03-10,2813.47998046875
2020-03-11,2825.60009765625
2020-03-12,2630.860107421875
2020-03-13,2569.989990234375
2020-03-16,2508.590087890625
2020-03-17,2425.659912109375
2020-03-18,2436.5
2020-03-19,2393.47998046875
2020-03-20,2431.93994140625
2020-03-23,2290.7099609375
2020-03-24,2344.43994140625
2020-03-25,2457.77001953125
2020-03-26,2501.2900390625
2020-03-27,2555.8701171875
2020-03-30,2558.97998046875
2020-03-31,2614.68994140625
2020-04-01,2498.080078125
2020-04-02,2458.5400390625
2020-04-03,2514.919921875
2020-04-06,2578.280029296875
2020-04-07,2738.64990234375
2020-04-08,2685.0
2020-04-09,2776.989990234375
2020-04-13,2782.4599609375
2020-04-14,2805.10009765625
2020-04-15,2795.639892578125
2020-04-16,2799.340087890625
2020-04-17,2842.429931640625
2020-04-20,2845.6201171875
2020-04-21,2784.81005859375
2020-04-22,2787.889892578125
2020-04-23,2810.419921875
2020-04-24,2812.639892578125
2020-04-27,2854.64990234375
2020-04-28,2909.9599609375
2020-04-29,2918.4599609375
2020-04-30,2930.909912109375
2020-05-01,2869.090087890625
2020-05-04,2815.010009765625
2020-05-05,2868.8798828125
2020-05-06,2883.139892578125
2020-05-07,2878.260009765625
2020-05-08,2908.830078125
2020-05-11,2915.4599609375
2020-05-12,2939.5
2020-05-13,2865.860107421875
2020-05-14,2794.5400390625
2020-05-15,2829.949951171875
2020-05-18,2913.860107421875
2020-05-19,2948.590087890625
2020-05-20,2953.6298828125
2020-05-21,2969.949951171875
2020-05-22,2948.050048828125
2020-05-26,3004.080078125
2020-05-27,3015.64990234375
2020-05-28,3046.610107421875
2020-05-29,3025.169921875
2020-06-01,3038.780029296875
2020-06-02,3064.780029296875
2020-06-03,3098.89990234375
2020-06-04,3111.56005859375
2020-06-05,3163.840087890625
2020-06-08,3199.919921875
2020-06-09,3213.320068359375
2020-06-10,3213.419921875
2020-06-11,3123.530029296875
2020-06-12,3071.0400390625
2020-06-15,2993.760009765625
2020-06-16,3131.0
2020-06-17,3136.1298828125
2020-06-18,3101.639892578125
2020-06-19,3140.2900390625
2020-06-22,3094.419921875
2020-06-23,3138.699951171875
2020-06-24,3114.39990234375
2020-06-25,3046.60009765625
2020-06-26,3073.199951171875
2020-06-29,3018.590087890625
2020-06-30,3050.199951171875
2020-07-01,3105.919921875
2020-07-02,3143.639892578125
2020-07-06,3155.2900390625
2020-07-07,3166.43994140625
2020-07-08,3153.070068359375
2020-07-09,3176.169921875
2020-07-10,3152.469970703125
2020-07-13,3205.080078125
2020-07-14,3141.110107421875
2020-07-15,3225.97998046875
2020-07-16,3208.360107421875
2020-07-17,3224.2099609375
2020-07-20,3224.2900390625
2020-07-21,3268.52001953125
2020-07-22,3254.860107421875
2020-07-23,3271.639892578125
2020-07-24,3218.580078125
2020-07-27,3219.840087890625
2020-07-28,3234.27001953125
2020-07-29,3227.219970703125
2020-07-30,3231.760009765625
2020-07-31,3270.449951171875
2020-08-03,3288.260009765625
2020-08-04,3289.919921875
2020-08-05,3317.3701171875
2020-08-06,3323.169921875
2020-08-07,3340.050048828125
2020-08-10,3356.0400390625
2020-08-11,3370.340087890625
2020-08-12,3355.4599609375
2020-08-13,3372.949951171875
2020-08-14,3368.659912109375
2020-08-17,3380.860107421875
2020-08-18,3387.0400390625
2020-08-19,3392.510009765625
2020-08-20,3360.47998046875
2020-08-21,3386.010009765625
2020-08-24,3418.090087890625
2020-08-25,3435.949951171875
2020-08-26,3449.969970703125
2020-08-27,3485.139892578125
2020-08-28,3494.68994140625
2020-08-31,3509.72998046875
2020-09-01,3507.43994140625
2020-09-02,3543.760009765625
2020-09-03,3564.739990234375
2020-09-04,3453.60009765625
2020-09-08,3371.8798828125
2020-09-09,3369.820068359375
2020-09-10,3412.56005859375
2020-09-11,3352.699951171875
2020-09-14,3363.56005859375
2020-09-15,3407.72998046875
2020-09-16,3411.22998046875
2020-09-17,3346.860107421875
2020-09-18,3357.3798828125
2020-09-21,3285.570068359375
2020-09-22,3295.75
2020-09-23,3320.110107421875
2020-09-24,3226.139892578125
2020-09-25,3236.659912109375
2020-09-28,3333.89990234375
2020-09-29,3350.919921875
2020-09-30,3341.2099609375
2020-10-01,3385.8701171875
2020-10-02,3338.93994140625
2020-10-05,3367.27001953125
2020-10-06,3408.739990234375
2020-10-07,3384.56005859375
2020-10-08,3434.280029296875
2020-10-09,3459.669921875
2020-10-12,3500.02001953125
2020-10-13,3534.010009765625
2020-10-14,3515.469970703125
2020-10-15,3453.719970703125
2020-10-16,3493.5
2020-10-19,3493.659912109375
2020-10-20,3439.3798828125
2020-10-21,3439.909912109375
2020-10-22,3438.5
2020-10-23,3464.89990234375
2020-10-26,3441.419921875
2020-10-27,3403.14990234375
2020-10-28,3342.47998046875
2020-10-29,3277.169921875
2020-10-30,3293.590087890625
2020-11-02,3296.199951171875
2020-11-03,3336.25
2020-11-04,3406.4599609375
2020-11-05,3485.739990234375
2020-11-06,3508.340087890625
2020-11-09,3583.0400390625
2020-11-10,3543.260009765625
2020-11-11,3563.219970703125
2020-11-12,3562.669921875
2020-11-13,3552.570068359375
2020-11-16,3600.159912109375
2020-11-17,3610.31005859375
2020-11-18,3612.090087890625
2020-11-19,3559.409912109375
2020-11-20,3579.31005859375
2020-11-23,3566.820068359375
2020-11-24,3594.52001953125
2020-11-25,3635.5
2020-11-27,3638.550048828125
2020-11-30,3634.179931640625
2020-12-01,3645.8701171875
2020-12-02,3653.780029296875
2020-12-03,3668.280029296875
2020-12-04,3670.93994140625
2020-12-07,3694.72998046875
2020-12-08,3683.050048828125
2020-12-09,3705.97998046875
2020-12-10,3659.1298828125
2020-12-11,3656.080078125
2020-12-14,3675.27001953125
2020-12-15,3666.409912109375
2020-12-16,3696.25
2020-12-17,3713.64990234375
2020-12-18,3722.389892578125
2020-12-21,3684.280029296875
2020-12-22,3698.080078125
2020-12-23,3693.419921875
2020-12-24,3694.030029296875
2020-12-28,3723.030029296875
2020-12-29,3750.010009765625
2020-12-30,3736.18994140625
2020-12-31,3733.27001953125
2021-01-04,3764.610107421875
2021-01-05,3698.02001953125
2021-01-06,3712.199951171875
2021-01-07,3764.7099609375
2021-01-08,3815.050048828125
2021-01-11,3803.139892578125
2021-01-12,3801.6201171875
2021-01-13,3802.22998046875
2021-01-14,3814.97998046875
2021-01-15,3788.72998046875
2021-01-19,3781.8798828125
2021-01-20,3816.219970703125
2021-01-21,3857.4599609375
2021-01-22,3844.239990234375
2021-01-25,3851.679931640625
2021-01-26,3862.9599609375
2021-01-27,3836.830078125
2021-01-28,3755.75
2021-01-29,3778.050048828125
2021-02-01,3731.169921875
2021-02-02,3791.840087890625
2021-02-03,3840.27001953125
2021-02-04,3836.659912109375
2021-02-05,3878.300048828125
2021-02-08,3892.590087890625
2021-02-09,3910.489990234375
2021-02-10,3920.780029296875
2021-02-11,3916.39990234375
2021-02-12,3911.64990234375
2021-02-16,3939.610107421875
2021-02-17,3918.5
2021-02-18,3915.860107421875
2021-02-19,3921.159912109375
2021-02-22,3885.550048828125
2021-02-23,3857.070068359375
2021-02-24,3873.7099609375
2021-02-25,3915.800048828125
2021-02-26,3839.659912109375
2021-03-01,3842.510009765625
2021-03-02,3903.639892578125
2021-03-03,3863.989990234375
2021-03-04,3818.530029296875
2021-03-05,3793.580078125
2021-03-08,3844.389892578125
2021-03-09,3851.929931640625
2021-03-10,3891.989990234375
2021-03-11,3915.5400390625
2021-03-12,3924.52001953125
2021-03-15,3942.9599609375
2021-03-16,3973.590087890625
2021-03-17,3949.570068359375
2021-03-18,3953.5
2021-03-19,3913.139892578125
2021-03-22,3916.47998046875
2021-03-23,3937.60009765625
2021-03-24,3919.929931640625
2021-03-25,3879.340087890625
2021-03-26,3917.1201171875
2021-03-29,3969.31005859375
2021-03-30,3963.340087890625
2021-03-31,3967.25
2021-04-01,3992.780029296875
2021-04-05,4034.43994140625
2021-04-06,4075.570068359375
2021-04-07,4074.2900390625
2021-04-08,4089.949951171875
2021-04-09,4096.10986328125
2021-04-12,4124.7099609375
2021-04-13,4130.10009765625
2021-04-14,4141.580078125
2021-04-15,4139.759765625
2021-04-16,4174.14013671875
2021-04-19,4179.7998046875
2021-04-20,4159.18017578125
2021-04-21,4128.419921875
2021-04-22,4170.4599609375
2021-04-23,4138.77978515625
2021-04-26,4185.02978515625
2021-04-27,4188.25
2021-04-28,4185.14013671875
2021-04-29,4206.14013671875
2021-04-30,4198.10009765625
2021-05-03,4191.97998046875
2021-05-04,4179.0400390625
2021-05-05,4177.06005859375
2021-05-06,4169.14013671875
2021-05-07,4210.33984375
2021-05-10,4228.2900390625
2021-05-11,4150.33984375
2021-05-12,4130.5498046875
2021-05-13,4074.989990234375
2021-05-14,4129.580078125
2021-05-17,4169.919921875
2021-05-18,4165.93994140625
2021-05-19,4098.4501953125
2021-05-20,4121.97021484375
2021-05-21,4168.60986328125
2021-05-24,4170.16015625
2021-05-25,4205.93994140625
2021-05-26,4191.58984375
2021-05-27,4201.93994140625
2021-05-28,4210.77001953125
2021-06-01,4216.52001953125
2021-06-02,4206.81982421875
2021-06-03,4191.43017578125
2021-06-04,4206.0498046875
2021-06-07,4229.33984375
2021-06-08,4233.81005859375
2021-06-09,4232.990234375
2021-06-10,4228.56005859375
2021-06-11,4242.89990234375
2021-06-14,4248.31005859375
2021-06-15,4255.27978515625
2021-06-16,4248.8701171875
2021-06-17,4220.3701171875
2021-06-18,4204.77978515625
2021-06-21,4173.39990234375
2021-06-22,4224.60986328125
2021-06-23,4249.27001953125
2021-06-24,4256.97021484375
2021-06-25,4274.4501953125
2021-06-28,4284.89990234375
2021-06-29,4293.2099609375
2021-06-30,4290.64990234375
2021-07-01,4300.72998046875
2021-07-02,4326.60009765625
2021-07-06,4356.4599609375
2021-07-07,4351.009765625
2021-07-08,4321.06982421875
2021-07-09,4329.3798828125
2021-07-12,4372.41015625
2021-07-13,4381.06982421875
2021-07-14,4380.10986328125
2021-07-15,4369.02001953125
2021-07-16,4367.43017578125
2021-07-19,4296.39990234375
2021-07-20,4265.10986328125
2021-07-21,4331.1298828125
2021-07-22,4361.27001953125
2021-07-23,4381.2001953125
2021-07-26,4409.580078125
2021-07-27,4416.3798828125
2021-07-28,4402.9501953125
2021-07-29,4403.58984375
2021-07-30,4395.1201171875
2021-08-02,4406.85986328125
2021-08-03,4392.740234375
2021-08-04,4415.9501953125
2021-08-05,4408.85986328125
2021-08-06,4429.06982421875
2021-08-09,4437.77001953125
2021-08-10,4435.7900390625
2021-08-11,4442.18017578125
2021-08-12,4446.080078125
2021-08-13,4464.83984375
2021-08-16,4461.64990234375
2021-08-17,4462.1201171875
2021-08-18,4440.93994140625
2021-08-19,4382.43994140625
2021-08-20,4410.56005859375
2021-08-23,4450.2900390625
2021-08-24,4484.39990234375
2021-08-25,4490.4501953125
2021-08-26,4493.75
2021-08-27,4474.10009765625
2021-08-30,4513.759765625
2021-08-31,4529.75
2021-09-01,4528.7998046875
2021-09-02,4534.47998046875
2021-09-03,4532.419921875
2021-09-07,4535.3798828125
2021-09-08,4518.08984375
2021-09-09,4513.02001953125
2021-09-10,4506.919921875
2021-09-13,4474.81005859375
2021-09-14,4479.330078125
2021-09-15,4447.490234375
2021-09-16,4477.08984375
2021-09-17,4469.740234375
2021-09-20,4402.9501953125
2021-09-21,4374.4501953125
2021-09-22,4367.43017578125
2021-09-23,4406.75
2021-09-24,4438.0400390625
2021-09-27,4442.1201171875
2021-09-28,4419.5400390625
2021-09-29,4362.41015625
2021-09-30,4370.669921875
2021-10-01,4317.16015625
2021-10-04,4348.83984375
2021-10-05,4309.8701171875
2021-10-06,4319.56982421875
2021-10-07,4383.72998046875
2021-10-08,4406.509765625
2021-10-11,4385.43994140625
2021-10-12,4368.31005859375
2021-10-13,4358.009765625
2021-10-14,4386.75
2021-10-15,4447.68994140625
2021-10-18,4463.72021484375
2021-10-19,4497.33984375
2021-10-20,4524.419921875
2021-10-21,4532.240234375
2021-10-22,4546.1201171875
2021-10-25,4553.68994140625
2021-10-26,4578.68994140625
2021-10-27,4580.22021484375
2021-10-28,4562.83984375
2021-10-29,4572.8701171875
2021-11-01,4610.6201171875
2021-11-02,4613.33984375
2021-11-03,4630.64990234375
2021-11-04,4662.93017578125
2021-11-05,4699.259765625
2021-11-08,4701.47998046875
2021-11-09,4707.25
2021-11-10,4670.259765625
2021-11-11,4659.39013671875
2021-11-12,4655.240234375
2021-11-15,4689.2998046875
2021-11-16,4679.419921875
2021-11-17,4701.5
2021-11-18,4700.72021484375
2021-11-19,4708.43994140625
2021-11-22,4712.0
2021-11-23,4678.47998046875
2021-11-24,4675.77978515625
2021-11-26,4664.6298828125
2021-11-29,4628.75
2021-11-30,4640.25
2021-12-01,4602.81982421875
2021-12-02,4504.72998046875
2021-12-03,4589.490234375
2021-12-06,4548.3701171875
2021-12-07,4631.97021484375
2021-12-08,4690.85986328125
2021-12-09,4691.0
2021-12-10,4687.64013671875
2021-12-13,4710.2998046875
2021-12-14,4642.990234375
2021-12-15,4636.4599609375
2021-12-16,4719.1298828125
2021-12-17,4652.5
2021-12-20,4587.89990234375
2021-12-21,4594.9599609375
2021-12-22,4650.35986328125
2021-12-23,4703.9599609375
2021-12-27,4733.990234375
2021-12-28,4795.490234375
2021-12-29,4788.64013671875
2021-12-30,4794.22998046875
2021-12-31,4775.2099609375
2022-01-03,4778.14013671875
2022-01-04,4804.509765625
2022-01-05,4787.990234375
2022-01-06,4693.39013671875
2022-01-07,4697.66015625
2022-01-10,4655.33984375
2022-01-11,4669.14013671875
2022-01-12,4728.58984375
2022-01-13,4733.56005859375
2022-01-14,4637.990234375
2022-01-18,4632.240234375
2022-01-19,4588.02978515625
2022-01-20,4547.35009765625
2022-01-21,4471.3798828125
2022-01-24,4356.31982421875
2022-01-25,4366.64013671875
2022-01-26,4408.43017578125
2022-01-27,4380.580078125
2022-01-28,4336.18994140625
2022-01-31,4431.7900390625
2022-02-01,4519.56982421875
2022-02-02,4566.39013671875
2022-02-03,4535.41015625
2022-02-04,4482.7900390625
2022-02-07,4505.75
2022-02-08,4480.02001953125
2022-02-09,4547.0
2022-02-10,4553.240234375
2022-02-11,4506.27001953125
2022-02-14,4412.60986328125
2022-02-15,4429.27978515625
2022-02-16,4455.75
2022-02-17,4456.06005859375
2022-02-18,4384.56982421875
2022-02-22,4332.740234375
2022-02-23,4324.93017578125
2022-02-24,4155.77001953125
2022-02-25,4298.3798828125
2022-02-28,4354.169921875
2022-03-01,4363.14013671875
2022-03-02,4322.56005859375
2022-03-03,4401.31005859375
2022-03-04,4342.1201171875
2022-03-07,4327.009765625
2022-03-08,4202.66015625
2022-03-09,4223.10009765625
2022-03-10,4252.5498046875
2022-03-11,4279.5
2022-03-14,4202.75
2022-03-15,4188.81982421875
2022-03-16,4288.14013671875
2022-03-17,4345.10986328125
2022-03-18,4407.33984375
2022-03-21,4462.39990234375
2022-03-22,4469.10009765625
2022-03-23,4493.10009765625
2022-03-24,4469.97998046875
2022-03-25,4522.91015625
2022-03-28,4541.08984375
2022-03-29,4602.85986328125
2022-03-30,4624.2001953125
2022-03-31,4599.02001953125
2022-04-01,4540.31982421875
2022-04-04,4547.97021484375
2022-04-05,4572.4501953125
2022-04-06,4494.169921875
2022-04-07,4474.64990234375
2022-04-08,4494.14990234375
2022-04-11,4462.64013671875
2022-04-12,4437.58984375
2022-04-13,4394.2998046875
2022-04-14,4449.1201171875
2022-04-18,4385.6298828125
2022-04-19,4390.6298828125
2022-04-20,4472.259765625
2022-04-21,4489.169921875
2022-04-22,4385.830078125
2022-04-25,4255.33984375
2022-04-26,4278.14013671875
2022-04-27,4186.52001953125
2022-04-28,4222.580078125
2022-04-29,4253.75
2022-05-02,4130.60986328125
2022-05-03,4159.77978515625
2022-05-04,4181.18017578125
2022-05-05,4270.43017578125
2022-05-06,4128.169921875
2022-05-09,4081.27001953125
2022-05-10,4035.179931640625
2022-05-11,3990.080078125
2022-05-12,3903.949951171875
2022-05-13,3963.89990234375
2022-05-16,4013.02001953125
2022-05-17,4052.0
2022-05-18,4051.97998046875
2022-05-19,3899.0
2022-05-20,3927.760009765625
2022-05-23,3919.419921875
2022-05-24,3942.93994140625
2022-05-25,3929.590087890625
2022-05-26,3984.60009765625
2022-05-27,4077.429931640625
2022-05-31,4151.08984375
2022-06-01,4149.77978515625
2022-06-02,4095.409912109375
2022-06-03,4137.56982421875
2022-06-06,4134.72021484375
2022-06-07,4096.47021484375
2022-06-08,4147.1201171875
2022-06-09,4101.64990234375
2022-06-10,3974.389892578125
2022-06-13,3838.14990234375
2022-06-14,3763.52001953125
2022-06-15,3764.050048828125
2022-06-16,3728.179931640625
2022-06-17,3665.89990234375
2022-06-21,3715.31005859375
2022-06-22,3733.889892578125
2022-06-23,3774.7099609375
2022-06-24,3821.75
2022-06-27,3920.760009765625
2022-06-28,3913.0
2022-06-29,3825.090087890625
2022-06-30,3785.989990234375
2022-07-01,3781.0
2022-07-05,3792.610107421875
2022-07-06,3831.97998046875
2022-07-07,3858.85009765625
2022-07-08,3888.260009765625
2022-07-11,3880.93994140625
2022-07-12,3851.949951171875
2022-07-13,3779.669921875
2022-07-14,3763.989990234375
2022-07-15,3818.0
2022-07-18,3883.7900390625
2022-07-19,3860.72998046875
2022-07-20,3935.320068359375
2022-07-21,3955.469970703125
2022-07-22,3998.429931640625
2022-07-25,3965.719970703125
2022-07-26,3953.219970703125
2022-07-27,3951.429931640625
2022-07-28,4026.1298828125
2022-07-29,4087.330078125
2022-08-01,4112.3798828125
2022-08-02,4104.2099609375
2022-08-03,4107.9599609375
2022-08-04,4154.85009765625
2022-08-05,4115.8701171875
2022-08-08,4155.93017578125
2022-08-09,4133.10986328125
2022-08-10,4181.02001953125
2022-08-11,4227.39990234375
2022-08-12,4225.02001953125
2022-08-15,4269.3701171875
2022-08-16,4290.4599609375
2022-08-17,4280.39990234375
2022-08-18,4273.1298828125
2022-08-19,4266.31005859375
2022-08-22,4195.080078125
2022-08-23,4133.08984375
2022-08-24,4126.5498046875
2022-08-25,4153.259765625
2022-08-26,4198.740234375
2022-08-29,4034.580078125
2022-08-30,4041.25
2022-08-31,4000.669921875
2022-09-01,3936.72998046875
2022-09-02,3994.659912109375
2022-09-06,3930.889892578125
2022-09-07,3909.429931640625
2022-09-08,3959.93994140625
2022-09-09,4022.93994140625
2022-09-12,4083.669921875
2022-09-13,4037.1201171875
2022-09-14,3940.72998046875
2022-09-15,3932.409912109375
2022-09-16,3880.949951171875
2022-09-19,3849.909912109375
2022-09-20,3875.22998046875
2022-09-21,3871.39990234375
2022-09-22,3782.360107421875
2022-09-23,3727.139892578125
2022-09-26,3682.719970703125
2022-09-27,3686.43994140625
2022-09-28,3651.93994140625
2022-09-29,3687.010009765625
2022-09-30,3633.47998046875
2022-10-03,3609.780029296875
2022-10-04,3726.4599609375
2022-10-05,3753.25
2022-10-06,3771.969970703125
2022-10-07,3706.739990234375
2022-10-10,3647.510009765625
2022-10-11,3595.860107421875
2022-10-12,3590.830078125
2022-10-13,3520.3701171875
2022-10-14,3690.409912109375
2022-10-17,3638.64990234375
2022-10-18,3746.260009765625
2022-10-19,3703.110107421875
2022-10-20,3689.050048828125
2022-10-21,3657.10009765625
2022-10-24,3762.010009765625
2022-10-25,3799.43994140625
2022-10-26,3825.969970703125
2022-10-27,3834.68994140625
2022-10-28,3808.260009765625
2022-10-31,3881.85009765625
2022-11-01,3901.7900390625
2022-11-02,3852.89990234375
2022-11-03,3733.25
2022-11-04,3766.97998046875
2022-11-07,3780.7099609375
2022-11-08,3817.02001953125
2022-11-09,3810.93994140625
2022-11-10,3859.889892578125
2022-11-11,3963.719970703125
2022-11-14,3977.969970703125
2022-11-15,4006.409912109375
2022-11-16,3976.820068359375
2022-11-17,3919.260009765625
2022-11-18,3966.389892578125
2022-11-21,3956.22998046875
2022-11-22,3965.510009765625
2022-11-23,4000.300048828125
2022-11-25,4023.340087890625
2022-11-28,4005.360107421875
2022-11-29,3964.18994140625
2022-11-30,3957.179931640625
2022-12-01,4087.139892578125
2022-12-02,4040.169921875
2022-12-05,4052.02001953125
2022-12-06,3996.6298828125
2022-12-07,3933.280029296875
2022-12-08,3947.7900390625
2022-12-09,3954.169921875
2022-12-12,3939.2900390625
2022-12-13,4069.3798828125
2022-12-14,4015.5400390625
2022-12-15,3958.3701171875
2022-12-16,3890.909912109375
2022-12-19,3853.7900390625
2022-12-20,3810.469970703125
2022-12-21,3839.489990234375
2022-12-22,3853.260009765625
2022-12-23,3815.110107421875
2022-12-27,3843.340087890625
2022-12-28,3829.56005859375
2022-12-29,3805.449951171875
2022-12-30,3829.06005859375
2023-01-03,3853.2900390625
2023-01-04,3840.360107421875
2023-01-05,3839.739990234375
2023-01-06,3823.3701171875
2023-01-09,3910.820068359375
2023-01-10,3888.570068359375
2023-01-11,3932.35009765625
2023-01-12,3977.570068359375
2023-01-13,3960.60009765625
2023-01-17,3999.280029296875
2023-01-18,4002.25
2023-01-19,3911.840087890625
2023-01-20,3909.0400390625
2023-01-23,3978.139892578125
2023-01-24,4001.739990234375
2023-01-25,3982.7099609375
2023-01-26,4036.080078125
2023-01-27,4053.719970703125
2023-01-30,4049.27001953125
2023-01-31,4020.85009765625
2023-02-01,4070.070068359375
2023-02-02,4158.68017578125
2023-02-03,4136.68994140625
2023-02-06,4119.56982421875
2023-02-07,4105.35009765625
2023-02-08,4153.47021484375
2023-02-09,4144.25
2023-02-10,4068.919921875
2023-02-13,4096.6201171875
2023-02-14,4126.7001953125
2023-02-15,4119.5
2023-02-16,4114.75
2023-02-17,4077.389892578125
2023-02-21,4052.35009765625
2023-02-22,4001.830078125
2023-02-23,4018.60009765625
2023-02-24,3973.239990234375
2023-02-27,3992.360107421875
2023-02-28,3977.18994140625
2023-03-01,3963.340087890625
2023-03-02,3938.679931640625
2023-03-03,3998.02001953125
2023-03-06,4055.14990234375
2023-03-07,4048.260009765625
2023-03-08,3987.550048828125
2023-03-09,3998.659912109375
2023-03-10,3912.77001953125
2023-03-13,3835.1201171875
2023-03-14,3894.010009765625
2023-03-15,3876.739990234375
2023-03-16,3878.929931640625
2023-03-17,3958.68994140625
2023-03-20,3917.469970703125
2023-03-21,3975.889892578125
2023-03-22,4002.0400390625
2023-03-23,3959.2099609375
2023-03-24,3939.2099609375
2023-03-27,3982.929931640625
2023-03-28,3974.1298828125
2023-03-29,3999.530029296875
2023-03-30,4046.739990234375
2023-03-31,4056.179931640625
2023-04-03,4102.2001953125
2023-04-04,4128.02978515625
2023-04-05,4094.5
2023-04-06,4081.14990234375
2023-04-10,4085.199951171875
2023-04-11,4110.2900390625
2023-04-12,4121.72021484375
2023-04-13,4100.0400390625
2023-04-14,4140.10986328125
2023-04-17,4137.169921875
2023-04-18,4164.259765625
2023-04-19,4139.330078125
2023-04-20,4130.47998046875
2023-04-21,4132.14013671875
2023-04-24,4132.06982421875
2023-04-25,4126.43017578125
2023-04-26,4087.780029296875
2023-04-27,4075.2900390625
2023-04-28,4129.6298828125
2023-05-01,4166.7900390625
2023-05-02,4164.10009765625
2023-05-03,4122.25
2023-05-04,4082.550048828125
2023-05-05,4084.72998046875
2023-05-08,4136.97998046875
2023-05-09,4124.25
2023-05-10,4143.740234375
2023-05-11,4132.240234375
2023-05-12,4138.5400390625
2023-05-15,4126.64990234375
2023-05-16,4127.9501953125
2023-05-17,4122.85009765625
2023-05-18,4157.68017578125
2023-05-19,4204.14990234375
2023-05-22,4190.77978515625
2023-05-23,4176.7998046875
2023-05-24,4132.9599609375
2023-05-25,4155.7099609375
2023-05-26,4156.16015625
2023-05-30,4226.7099609375
2023-05-31,4190.740234375
2023-06-01,4183.02978515625
2023-06-02,4241.009765625
2023-06-05,4282.990234375
2023-06-06,4271.33984375
2023-06-07,4285.47021484375
2023-06-08,4268.68994140625
2023-06-09,4304.8798828125
2023-06-12,4308.31982421875
2023-06-13,4352.60986328125
2023-06-14,4366.2900390625
2023-06-15,4365.330078125
2023-06-16,4440.9501953125
2023-06-20,4396.10986328125
2023-06-21,4380.009765625
2023-06-22,4355.39990234375
2023-06-23,4354.169921875
2023-06-26,4344.83984375
2023-06-27,4337.35986328125
2023-06-28,4367.47998046875
2023-06-29,4374.93994140625
2023-06-30,4422.43994140625
2023-07-03,4450.47998046875
2023-07-05,4442.0400390625
2023-07-06,4422.6201171875
2023-07-07,4404.5400390625
2023-07-10,4394.22998046875
2023-07-11,4415.5498046875
2023-07-12,4467.68994140625
2023-07-13,4491.5
2023-07-14,4514.60986328125
2023-07-17,4508.85986328125
2023-07-18,4521.77978515625
2023-07-19,4563.8701171875
2023-07-20,4554.3798828125
2023-07-21,4550.16015625
2023-07-24,4543.39013671875
2023-07-25,4555.18994140625
2023-07-26,4558.9599609375
2023-07-27,4598.259765625
2023-07-28,4565.75
2023-07-31,4584.81982421875
2023-08-01,4578.830078125
2023-08-02,4550.93017578125
2023-08-03,4494.27001953125
2023-08-04,4513.9599609375
2023-08-07,4491.580078125
2023-08-08,4498.02978515625
2023-08-09,4501.56982421875
2023-08-10,4487.16015625
2023-08-11,4450.68994140625
2023-08-14,4458.1298828125
2023-08-15,4478.8701171875
2023-08-16,4433.7900390625
2023-08-17,4416.31982421875
2023-08-18,4344.8798828125
2023-08-21,4380.27978515625
2023-08-22,4415.330078125
2023-08-23,4396.43994140625
2023-08-24,4455.16015625
2023-08-25,4389.3798828125
2023-08-28,4426.02978515625
2023-08-29,4432.75
2023-08-30,4500.33984375
2023-08-31,4517.009765625
2023-09-01,4530.60009765625
2023-09-05,4510.06005859375
2023-09-06,4490.35009765625
2023-09-07,4434.5498046875
2023-09-08,4451.2998046875
2023-09-11,4480.97998046875
2023-09-12,4473.27001953125
2023-09-13,4462.64990234375
2023-09-14,4487.77978515625
2023-09-15,4497.97998046875
2023-09-18,4445.1298828125
2023-09-19,4445.41015625
2023-09-20,4452.81005859375
2023-09-21,4374.35986328125
2023-09-22,4341.740234375
2023-09-25,4310.6201171875
2023-09-26,4312.8798828125
2023-09-27,4282.6298828125
2023-09-28,4269.64990234375
2023-09-29,4328.18017578125
2023-10-02,4284.52001953125
2023-10-03,4269.75
2023-10-04,4233.830078125
2023-10-05,4259.31005859375
2023-10-06,4234.7900390625
2023-10-09,4289.02001953125
2023-10-10,4339.75
2023-10-11,4366.58984375
2023-10-12,4380.93994140625
2023-10-13,4360.490234375
2023-10-16,4342.3701171875
2023-10-17,4345.22998046875
2023-10-18,4357.35009765625
2023-10-19,4321.35986328125
2023-10-20,4273.85009765625
2023-10-23,4210.39990234375
2023-10-24,4235.7900390625
2023-10-25,4232.419921875
2023-10-26,4175.990234375
2023-10-27,4152.93017578125
2023-10-30,4139.39013671875
2023-10-31,4171.330078125
2023-11-01,4201.27001953125
2023-11-02,4268.259765625
2023-11-03,4334.22998046875
2023-11-06,4364.27001953125
2023-11-07,4366.2099609375
2023-11-08,4384.3701171875
2023-11-09,4391.41015625
2023-11-10,4364.14990234375
2023-11-13,4406.66015625
2023-11-14,4458.97021484375
2023-11-15,4505.2998046875
2023-11-16,4497.080078125
2023-11-17,4509.5498046875
2023-11-20,4511.7001953125
2023-11-21,4538.77001953125
2023-11-22,4553.0400390625
2023-11-24,4555.83984375
2023-11-27,4554.85986328125
2023-11-28,4545.5498046875
2023-11-29,4571.83984375
2023-11-30,4554.8701171875
2023-12-01,4559.43017578125
2023-12-04,4564.3701171875
2023-12-05,4557.25
2023-12-06,4586.22998046875
2023-12-07,4568.83984375
2023-12-08,4576.2001953125
2023-12-11,4593.39013671875
2023-12-12,4618.2998046875
2023-12-13,4646.2001953125
2023-12-14,4721.0400390625
2023-12-15,4714.22998046875
2023-12-18,4725.580078125
2023-12-19,4743.72021484375
2023-12-20,4764.72998046875
2023-12-21,4724.2900390625
2023-12-22,4753.919921875
2023-12-26,4758.85986328125
2023-12-27,4773.4501953125
2023-12-28,4786.43994140625
2023-12-29,4782.8798828125
2024-01-02,4745.2001953125
2024-01-03,4725.06982421875
2024-01-04,4697.419921875
2024-01-05,4690.56982421875
2024-01-08,4703.7001953125
2024-01-09,4741.93017578125
2024-01-10,4759.93994140625
2024-01-11,4792.1298828125
2024-01-12,4791.18017578125
2024-01-16,4772.35009765625
2024-01-17,4739.1298828125
2024-01-18,4760.10009765625
2024-01-19,4796.27978515625
2024-01-22,4853.419921875
2024-01-23,4856.7998046875
2024-01-24,4888.56005859375
2024-01-25,4886.66015625
2024-01-26,4888.91015625
2024-01-29,4892.9501953125
2024-01-30,4925.89013671875
2024-01-31,4899.18994140625
2024-02-01,4861.10986328125
2024-02-02,4916.06005859375
2024-02-05,4957.18994140625
2024-02-06,4950.16015625
2024-02-07,4973.0498046875
2024-02-08,4995.16015625
2024-02-09,5004.169921875
2024-02-12,5026.830078125
2024-02-13,4967.93994140625
2024-02-14,4976.43994140625
2024-02-15,5003.14013671875
2024-02-16,5031.1298828125
2024-02-20,4989.31982421875
2024-02-21,4963.02978515625
2024-02-22,5038.830078125
2024-02-23,5100.919921875
2024-02-26,5093.0
2024-02-27,5074.60009765625
2024-02-28,5067.2001953125
2024-02-29,5085.35986328125
2024-03-01,5098.509765625
2024-03-04,5130.990234375
2024-03-05,5110.52001953125
2024-03-06,5108.02978515625
2024-03-07,5132.3798828125
2024-03-08,5164.4599609375
2024-03-11,5111.9599609375
2024-03-12,5134.2998046875
2024-03-13,5173.490234375
2024-03-14,5175.14013671875
2024-03-15,5123.31005859375
2024-03-18,5154.77001953125
2024-03-19,5139.08984375
2024-03-20,5181.68994140625
2024-03-21,5253.43017578125
2024-03-22,5242.47998046875
2024-03-25,5219.52001953125
2024-03-26,5228.85009765625
2024-03-27,5226.31005859375
2024-03-28,5248.02978515625
2024-04-01,5257.97021484375
2024-04-02,5204.2900390625
2024-04-03,5194.3701171875
2024-04-04,5244.0498046875
2024-04-05,5158.9501953125
2024-04-08,5211.3701171875
2024-04-09,5217.02978515625
2024-04-10,5167.8798828125
2024-04-11,5172.9501953125
2024-04-12,5171.509765625
2024-04-15,5149.669921875
2024-04-16,5064.58984375
2024-04-17,5068.97021484375
2024-04-18,5031.52001953125
2024-04-19,5005.43994140625
2024-04-22,4987.330078125
2024-04-23,5028.85009765625
2024-04-24,5084.85986328125
2024-04-25,5019.8798828125
2024-04-26,5084.64990234375
2024-04-29,5114.1298828125
2024-04-30,5103.77978515625
2024-05-01,5029.02978515625
2024-05-02,5049.31982421875
2024-05-03,5122.77978515625
2024-05-06,5142.419921875
2024-05-07,5187.2001953125
2024-05-08,5168.97998046875
2024-05-09,5189.02978515625
2024-05-10,5225.490234375
2024-05-13,5233.080078125
2024-05-14,5221.10009765625
2024-05-15,5263.259765625
2024-05-16,5310.06982421875
2024-05-17,5303.10009765625
2024-05-20,5305.35009765625
2024-05-21,5298.68994140625
2024-05-22,5319.27978515625
2024-05-23,5340.259765625
2024-05-24,5281.4501953125
2024-05-28,5315.91015625
2024-05-29,5278.72998046875
2024-05-30,5259.77001953125
2024-05-31,5243.2099609375
2024-06-03,5297.14990234375
2024-06-04,5278.240234375
2024-06-05,5314.47998046875
2024-06-06,5357.7998046875
2024-06-07,5343.81005859375
2024-06-10,5341.22021484375
2024-06-11,5353.0
2024-06-12,5409.1298828125
2024-06-13,5441.93017578125
2024-06-14,5424.080078125
2024-06-17,5431.10986328125
2024-06-18,5476.14990234375
2024-06-20,5499.990234375
2024-06-21,5466.77001953125
2024-06-24,5459.580078125
2024-06-25,5460.72998046875
2024-06-26,5460.7099609375
2024-06-27,5473.58984375
2024-06-28,5488.47998046875
2024-07-01,5471.080078125
2024-07-02,5461.83984375
2024-07-03,5507.43994140625
2024-07-05,5537.91015625
2024-07-08,5572.75
2024-07-09,5584.240234375
2024-07-10,5591.259765625
2024-07-11,5635.2099609375
2024-07-12,5590.759765625
2024-07-15,5638.16015625
2024-07-16,5644.08984375
2024-07-17,5610.06982421875
2024-07-18,5608.56005859375
2024-07-19,5543.3701171875
2024-07-22,5544.5400390625
2024-07-23,5565.2998046875
2024-07-24,5505.83984375
2024-07-25,5428.7001953125
2024-07-26,5433.669921875
2024-07-29,5476.5498046875
2024-07-30,5478.72998046875
2024-07-31,5505.58984375
2024-08-01,5537.83984375
2024-08-02,5376.6298828125
2024-08-05,5151.14013671875
2024-08-06,5206.419921875
2024-08-07,5293.1298828125
2024-08-08,5252.56982421875
2024-08-09,5314.66015625
2024-08-12,5351.8798828125
2024-08-13,5376.97998046875
2024-08-14,5442.35986328125
2024-08-15,5501.1298828125
2024-08-16,5530.5
2024-08-19,5557.22998046875
2024-08-20,5602.8798828125
2024-08-21,5603.08984375
2024-08-22,5637.77001953125
2024-08-23,5602.490234375
2024-08-26,5639.66015625
2024-08-27,5602.89013671875
2024-08-28,5624.509765625
2024-08-29,5607.2998046875
2024-08-30,5612.740234375
2024-09-03,5623.89013671875
2024-09-04,5506.68017578125
2024-09-05,5520.080078125
2024-09-06,5507.330078125
2024-09-09,5442.06982421875
2024-09-10,5490.509765625
2024-09-11,5496.419921875
2024-09-12,5557.47998046875
2024-09-13,5603.33984375
2024-09-16,5615.2099609375
2024-09-17,5655.509765625
2024-09-18,5641.68017578125
2024-09-19,5702.6298828125
2024-09-20,5709.64013671875
2024-09-23,5711.89990234375
2024-09-24,5727.66015625
2024-09-25,5733.64990234375
2024-09-26,5762.22021484375
2024-09-27,5755.35986328125
2024-09-30,5726.52001953125
2024-10-01,5757.72998046875
2024-10-02,5698.14013671875
2024-10-03,5698.18994140625
2024-10-04,5737.47998046875
2024-10-07,5737.7998046875
2024-10-08,5719.14013671875
2024-10-09,5751.7998046875
2024-10-10,5778.35986328125
2024-10-11,5775.08984375
2024-10-14,5829.81005859375
2024-10-15,5866.740234375
2024-10-16,5816.580078125
2024-10-17,5875.6201171875
2024-10-18,5859.43017578125
2024-10-21,5857.81982421875
2024-10-22,5832.7001953125
2024-10-23,5834.5
2024-10-24,5817.7998046875
2024-10-25,5826.75
2024-10-28,5833.93017578125
2024-10-29,5819.68017578125
2024-10-30,5832.64990234375
2024-10-31,5775.33984375
2024-11-01,5723.22021484375
2024-11-04,5725.14990234375
2024-11-05,5722.43017578125
2024-11-06,5864.89013671875
2024-11-07,5947.2099609375
2024-11-08,5976.759765625
2024-11-11,6008.85986328125
2024-11-12,6003.60009765625
2024-11-13,5985.75
2024-11-14,5989.68017578125
2024-11-15,5912.7900390625
2024-11-18,5874.169921875
2024-11-19,5870.0498046875
2024-11-20,5914.33984375
2024-11-21,5940.580078125
2024-11-22,5944.35986328125
2024-11-25,5992.27978515625
2024-11-26,6000.02978515625
2024-11-27,6014.10986328125
2024-11-29,6003.97998046875
2024-12-02,6040.10986328125
2024-12-03,6042.97021484375
2024-12-04,6069.39013671875
2024-12-05,6089.02978515625
2024-12-06,6081.3798828125
2024-12-09,6083.009765625
2024-12-10,6057.58984375
2024-12-11,6060.14990234375
2024-12-12,6074.2900390625
2024-12-13,6068.169921875
2024-12-16,6063.7900390625
2024-12-17,6052.5498046875
2024-12-18,6047.64990234375
2024-12-19,5912.7099609375
2024-12-20,5842.0
2024-12-23,5940.25
2024-12-24,5984.6298828125
2024-12-26,6024.97021484375
2024-12-27,6006.169921875
2024-12-30,5920.669921875
2024-12-31,5919.740234375
2025-01-02,5903.259765625
2025-01-03,5891.06982421875
2025-01-06,5982.81005859375
2025-01-07,5993.259765625
2025-01-08,5910.66015625
2025-01-10,5890.35009765625
2025-01-13,5782.02001953125
2025-01-14,5859.27001953125
2025-01-15,5905.2099609375
2025-01-16,5963.60986328125
2025-01-17,5995.39990234375
2025-01-21,6014.1201171875
2025-01-22,6081.39013671875
2025-01-23,6076.31982421875
2025-01-24,6121.43017578125
2025-01-27,5969.0400390625
2025-01-28,6026.97021484375
2025-01-29,6057.7001953125
2025-01-30,6050.75
2025-01-31,6096.7900390625
2025-02-03,5969.64990234375
2025-02-04,5998.14013671875
2025-02-05,6020.4501953125
2025-02-06,6072.22021484375
2025-02-07,6083.1298828125
2025-02-10,6046.39990234375
2025-02-11,6049.31982421875
2025-02-12,6025.080078125
2025-02-13,6060.58984375
2025-02-14,6115.52001953125
2025-02-18,6121.60009765625
2025-02-19,6117.759765625
2025-02-20,6134.5
2025-02-21,6114.10009765625
2025-02-24,6026.68994140625
2025-02-25,5982.72998046875
2025-02-26,5970.8701171875
2025-02-27,5981.8798828125
2025-02-28,5856.740234375
2025-03-03,5968.330078125
2025-03-04,5811.97998046875
2025-03-05,5781.35986328125
2025-03-06,5785.8701171875
2025-03-07,5726.009765625
2025-03-10,5705.3701171875
2025-03-11,5603.64990234375
2025-03-12,5624.83984375
2025-03-13,5594.4501953125
2025-03-14,5563.85009765625
2025-03-17,5635.60009765625
2025-03-18,5654.52978515625
2025-03-19,5632.3701171875
2025-03-20,5646.919921875
2025-03-21,5630.72998046875
2025-03-24,5718.080078125
2025-03-25,5775.9599609375
2025-03-26,5771.66015625
2025-03-27,5695.64013671875
2025-03-28,5679.2001953125
2025-03-31,5527.91015625
2025-04-01,5597.52978515625
2025-04-02,5580.759765625
2025-04-03,5492.740234375
2025-04-04,5292.14013671875
2025-04-07,4953.7900390625
2025-04-08,5193.56982421875
2025-04-09,4965.27978515625
2025-04-10,5353.14990234375
2025-04-11,5255.56005859375
2025-04-14,5441.9599609375
2025-04-15,5411.990234375
2025-04-16,5335.75
2025-04-17,5305.4501953125
2025-04-21,5232.93994140625
2025-04-22,5207.669921875
2025-04-23,5395.919921875
2025-04-24,5381.3798828125
2025-04-25,5489.72998046875
2025-04-28,5529.22021484375
2025-04-29,5508.8701171875
2025-04-30,5499.43994140625
2025-05-01,5625.14013671875
2025-05-02,5645.8798828125
2025-05-05,5655.31982421875
2025-05-06,5605.8701171875
2025-05-07,5614.18017578125
2025-05-08,5663.60009765625
2025-05-09,5679.64990234375
