Date,Trend Following Strategy,^GSPC_Open
2020-01-02,0.0,0.0
2020-01-03,0.0,-0.005643043789965607
2020-01-06,0.0,-0.002730649493676629
2020-01-07,0.0,0.007555456239943803
2020-01-08,0.0,-0.0010086861933874536
2020-01-09,0.0,0.008472804727233108
2020-01-10,0.0,0.004831562831733027
2020-01-13,0.0,-0.0032543552462102054
2020-01-14,0.0,0.00434718747135876
2020-01-15,0.0,-0.0009375189959807129
2020-01-16,0.0,0.006306596059647562
2020-01-17,0.0,0.0062640416321573245
2020-01-21,0.0,-0.0007912611043381368
2020-01-22,0.0,0.0027069885412263073
2020-01-23,0.0,-0.0042792535529578846
2020-01-24,0.0,0.005226562162911952
2020-01-27,0.0,-0.02578385977886055
2020-01-28,0.0,0.002522261227829281
2020-01-29,0.0,0.010478093679020306
2020-01-30,0.0,-0.010035084833869501
2020-01-31,0.0,0.00794734368443506
2020-02-03,0.0,-0.014218608398545052
2020-02-04,0.0,0.013892126037188035
2020-02-05,0.0,0.013503526245706166
2020-02-06,0.0,0.006018211107840399
2020-02-07,0.0,-0.0028042174496190064
2020-02-10,0.0,-0.0051745772988760486
2020-02-11,0.0,0.014341793781855516
2020-02-12,0.0,0.0013755381673399292
2020-02-13,0.0,-0.0013648116470108551
2020-02-14,0.0,0.003618698159374434
2020-02-18,0.0,-0.0026760878526945753
2020-02-19,0.0,0.0033688686937609624
2020-02-20,0.0,1.776676527232013e-05
2020-02-21,0.0,-0.005901566791414625
2020-02-24,0.0,-0.030617435672704918
2020-02-25,0.0,-0.005731246343166907
2020-02-26,0.0,-0.030577917730546078
2020-02-27,0.0,-0.024637684540040783
2020-02-28,0.0,-0.047555341272642826
2020-03-02,0.0,0.019671613313511305
2020-03-03,0.0,0.04107882594683199
2020-03-04,0.0,-0.016376753317406623
2020-03-05,0.0,0.0098333583425676
2020-03-06,0.0,-0.039503203150134114
2020-03-09,0.0,-0.03057005622044162
2020-03-10,0.0,-0.017601903006122632
2020-03-11,0.0,0.004307873975161858
2020-03-12,0.0,-0.06891986958660778
2020-03-13,0.0,-0.02313696460552206
2020-03-16,0.0,-0.023891105637399934
2020-03-17,0.0,-0.03305848021227842
2020-03-18,0.0,0.004468923214053788
2020-03-19,0.0,-0.017656482467166
2020-03-20,0.0,0.016068636985201667
2020-03-23,0.0,-0.0580729721421841
2020-03-24,0.0,0.023455601706451112
2020-03-25,0.0,0.04833993659783076
2020-03-26,0.0,0.01770711628240562
2020-03-27,0.0,0.021820771391012794
2020-03-30,0.0,0.0012167532537499248
2020-03-31,0.0,0.021770377792207363
2020-04-01,0.0,-0.044597969891043365
2020-04-02,0.0,-0.015828171165825022
2020-04-03,0.0,0.022932261389567943
2020-04-06,0.0,0.02519368782710063
2020-04-07,0.0,0.06220033170353867
2020-04-08,0.0,-0.01958990899049784
2020-04-09,0.0,0.03426070399790504
2020-04-13,0.0,0.001969748080605571
2020-04-14,0.0,0.008136734054251082
2020-04-15,0.0,-0.003372501782032411
2020-04-16,0.0,0.0013235593476552676
2020-04-17,0.0,0.015392857744008337
2020-04-20,0.0,0.001122344481164994
2020-04-21,0.0,-0.02136970364612556
2020-04-22,0.0,0.0011059404122988337
2020-04-23,0.0,0.008081391362282364
2020-04-24,0.0,0.0007899071188066653
2020-04-27,0.0,0.01493614944326116
2020-04-28,0.0,0.01937542622944366
2020-04-29,0.0,0.0029210023897585646
2020-04-30,0.0,0.004265931805991219
2020-05-01,0.0,-0.02109236587700447
2020-05-04,0.0,-0.018849208797329875
2020-05-05,0.0,0.019136654171741263
2020-05-06,0.0,0.0049705844608751715
2020-05-07,0.0,-0.0016925584585965048
2020-05-08,0.0,0.010621023901820514
2020-05-11,0.0,0.002279226573720594
2020-05-12,0.0,0.008245710585841781
2020-05-13,0.0,-0.02505184302708796
2020-05-14,0.0,-0.024886095512713147
2020-05-15,0.0,0.012671105661185678
2020-05-18,0.0,0.02965075626699787
2020-05-19,0.0,0.011918890814383909
2020-05-20,0.0,0.0017092219574950107
2020-05-21,0.0,0.005525427696389196
2020-05-22,0.0,-0.007373828752605394
2020-05-26,0.0,0.019005793106920743
2020-05-27,0.0,0.0038513701092719455
2020-05-28,0.0,0.010266511724077443
2020-05-29,0.0,-0.007037390670583177
2020-06-01,0.0,0.004498956347364302
2020-06-02,0.0,0.008556065180544081
2020-06-03,0.0,0.011132894602782661
2020-06-04,0.0,0.004085371147491745
2020-06-05,0.0,0.016801870544804087
2020-06-08,0.0,0.01140381086973008
2020-06-09,0.0,0.004187650569869028
2020-06-10,0.0,3.10748738068245e-05
2020-06-11,0.0,-0.02797327917406922
2020-06-12,0.0,-0.01680470164911163
2020-06-15,0.0,-0.025164123005203876
2020-06-16,0.0,0.04584201465271076
2020-06-17,0.0,0.0016384167398595384
2020-06-18,0.0,-0.010997628135045234
2020-06-19,0.0,0.0124611972449995
2020-06-22,0.0,-0.014606968342705695
2020-06-23,0.0,0.014309638127602442
2020-06-24,0.0,-0.007742074491399631
2020-06-25,0.0,-0.02176978127840201
2020-06-26,0.0,0.008730996081858011
2020-06-29,0.0,-0.017769707194101092
2020-06-30,0.0,0.010471730960774028
2020-07-01,0.0,0.018267645267556087
2020-07-02,0.0,0.012144540635920187
2020-07-06,0.0,0.003705941800738799
2020-07-07,0.0,0.0035337170927915995
2020-07-08,0.0,-0.004222367483444955
2020-07-09,0.0,0.007326146585649562
2020-07-10,0.0,-0.007461802030378828
2020-07-13,0.0,0.01668853562787187
2020-07-14,0.0,-0.0199589305551916
2020-07-15,0.0,0.027019069737906687
2020-07-16,0.0,-0.005461866829165718
2020-07-17,0.0,0.004940172856207736
2020-07-20,0.0,2.4836510639891785e-05
2020-07-21,0.0,0.01371774248994373
2020-07-22,0.0,-0.0041792346467971475
2020-07-23,0.0,0.005155301488376729
2020-07-24,0.0,-0.016218109631654043
2020-07-27,0.0,0.00039148001138400446
2020-07-28,0.0,0.004481567794280883
2020-07-29,0.0,-0.0021797959927745136
2020-07-30,0.0,0.0014067956642913604
2020-07-31,0.0,0.011971786670216256
2020-08-03,0.0,0.005445751764942441
2020-08-04,0.0,0.0005047995305862418
2020-08-05,0.0,0.008343727496216813
2020-08-06,0.0,0.0017483140206306924
2020-08-07,0.0,0.0050795256787834475
2020-08-10,0.0,0.00478735048894996
2020-08-11,0.0,0.004260988743185479
2020-08-12,0.0,-0.004415022390941492
2020-08-13,0.0,0.0052123972385258455
2020-08-14,0.0,-0.0012718952621901813
2020-08-17,0.0,0.0036216761652441143
2020-08-18,0.0,0.0018279169927968297
2020-08-19,0.0,0.0016149707827601834
2020-08-20,0.0,-0.009441395664176011
2020-08-21,0.0,0.00759713774379156
2020-08-24,0.0,0.009474301030557353
2020-08-25,0.0,0.005225100223227752
2020-08-26,0.0,0.004080391079755996
2020-08-27,0.0,0.010194268986008614
2020-08-28,0.0,0.002740219653295073
2020-08-31,0.0,0.004303683392423707
2020-09-01,0.0,-0.0006524829759678719
2020-09-02,0.0,0.010355150470463315
2020-09-03,0.0,0.00592025995296952
2020-09-04,0.0,-0.031177559340258565
2020-09-08,0.0,-0.023662327001672367
2020-09-09,0.0,-0.0006108801394808516
2020-09-10,0.0,0.012683166865696593
2020-09-11,0.0,-0.017541114703939376
2020-09-14,0.0,0.003239212449679174
2020-09-15,0.0,0.01313189629605338
2020-09-16,0.0,0.0010270766815623222
2020-09-17,0.0,-0.01886998924594041
2020-09-18,0.0,0.003143177501592209
2020-09-21,0.0,-0.021388647385642168
2020-09-22,0.0,0.0030983760591989373
2020-09-23,0.0,0.00739136992243794
2020-09-24,0.0,-0.028303342902298967
2020-09-25,0.0,0.003260868989423571
2020-09-28,0.0,0.030043314056743986
2020-09-29,0.0,0.005105138135456544
2020-09-30,0.0,-0.0028977000835241906
2020-10-01,0.0,0.013366462081739083
2020-10-02,0.0,-0.01386059540294271
2020-10-05,0.0,0.008484752233389514
2020-10-06,0.0,0.012315605954552389
2020-10-07,0.0,-0.007093510126878977
2020-10-08,0.0,0.014690231475396942
2020-10-09,0.0,0.007393075800904647
2020-10-12,0.0,0.011662990564828668
2020-10-13,0.0,0.009711370233512984
2020-10-14,0.0,-0.005246176160018767
2020-10-15,0.0,-0.017565219021811074
2020-10-16,0.00637680984278155,0.011518023937759025
2020-10-19,0.0016432398160759476,4.5774183304647664e-05
2020-10-20,-0.003457073500292401,-0.01553672385475613
2020-10-21,-0.0006788148773426541,0.00015410606415522388
2020-10-22,-0.0009709726947618516,-0.00040986890511629515
2020-10-23,0.002529060546576939,0.007677738067107809
2020-10-26,-0.004069447810409699,-0.00677652490130165
2020-10-27,-0.001844887518504318,-0.0111204155261585
2020-10-28,-0.00969763699428614,-0.01782757845407179
2020-10-29,-0.0047377521239955755,-0.019539401574692694
2020-10-30,-0.0001282239021277886,0.005010471353963375
2020-11-02,0.002156474315870105,0.0007924068301170539
2020-11-03,0.005466759206323241,0.012150369947638184
2020-11-04,0.00993163660983747,0.021044574278756167
2020-11-05,0.00954900718571024,0.023273436413753235
2020-11-06,0.0022274800966960444,0.006483586761940385
2020-11-09,0.012196088455263623,0.021292106608965522
2020-11-10,-0.013229320931201032,-0.01110231224412539
2020-11-11,0.004297004459429606,0.005633219374950871
2020-11-12,-0.0011263549091089563,-0.00015436847364114215
2020-11-13,0.0003009848370695788,-0.0028349113830644646
2020-11-16,0.006196996705051494,0.013395891659915282
2020-11-17,0.0021987851444595146,0.002819359898496243
2020-11-18,0.0018284660952310409,0.0004930405610559241
2020-11-19,-0.00644278176175298,-0.014584402520263273
2020-11-20,0.004667795961570654,0.0055908555001416005
2020-11-23,0.0044010676949337805,-0.003489496587306573
2020-11-24,0.006066598562623154,0.00776600743547351
2020-11-25,0.0009754182744346031,0.011400682217954206
2020-11-27,0.0006906894244559758,0.0008389626813711804
2020-11-30,-0.0009275399575837783,-0.0012010600730660848
2020-12-01,0.004844728501010415,0.003216732733868133
2020-12-02,-0.005972856080805167,0.002169554003606855
2020-12-03,0.0037092284719879858,0.003968492871419649
2020-12-04,-0.00011993380849012472,0.0007251115204214287
2020-12-07,0.003132191635034487,0.006480639684174783
2020-12-08,-0.00382940879625504,-0.003161240930289355
2020-12-09,0.005403019421542721,0.006225799632541218
2020-12-10,-0.0035536949245545514,-0.012641756810117477
2020-12-11,-0.002007380778535411,-0.0008334781177966599
2020-12-14,0.005503301634083636,0.00524877491635567
2020-12-15,1.3966655345326747e-05,-0.0024107364560400635
2020-12-16,0.002018510876058277,0.00813877569773891
2020-12-17,0.004456257853747603,0.004707447370645879
2020-12-18,0.0018771121846363648,0.0023534771624160733
2020-12-21,-0.006590916832013649,-0.01023800955328058
2020-12-22,0.002193358281700225,0.003745656876890102
2020-12-23,0.001370245884390076,-0.0012601555811529996
2020-12-24,-0.0020094424460375964,0.0001651876674682029
2020-12-28,0.004227481316849302,0.007850504671051528
2020-12-29,-0.0011144094831057607,0.007246780245241613
2020-12-30,-0.002861146896704914,-0.0036853417253248644
2020-12-31,-0.0003439623318217956,-0.0007815239376992578
2021-01-04,0.005809668896586884,0.008394808767290929
2021-01-05,-0.007958669457557998,-0.01768844209373599
2021-01-06,0.0032033004565660606,0.0038344658941089627
2021-01-07,0.0080835997424074,0.014145253611419495
2021-01-08,0.004742136372293709,0.013371571359534151
2021-01-11,-0.0037066784494884544,-0.003121887287863667
2021-01-12,0.006389710622233181,-0.0003996106989361259
2021-01-13,-0.0010557720891508084,0.00016042194181697944
2021-01-14,0.002979713710930021,0.0033532953202446425
2021-01-15,-0.0034958414583242947,-0.006880770052369867
2021-01-19,0.003032397613235621,-0.0018080194924322557
2021-01-20,0.0033848058500892454,0.009080163557465326
2021-01-21,0.0008702762719437486,0.010806502390053874
2021-01-22,-0.0012166411637960005,-0.0034271180613659746
2021-01-25,-0.002143941430709579,0.0019353477996040258
2021-01-26,0.002024384173268557,0.0029285998569643645
2021-01-27,-0.013678465557916577,-0.006764212696151906
2021-01-28,-2.699917277819647e-05,-0.02113204819448833
2021-01-29,0.0031164532061937035,0.005937575405212003
2021-02-01,-0.003005080581868752,-0.012408551063971762
2021-02-02,0.007376404879444699,0.01626035996375541
2021-02-03,0.0028556137431932473,0.012772145058355111
2021-02-04,3.1473975309659276e-05,-0.0009400660379386139
2021-02-05,0.0066228572812496115,0.010853225897694108
2021-02-08,0.004716565823930902,0.0036846141047848224
2021-02-09,0.003464727957238784,0.004598455511520383
2021-02-10,0.0030171697090219333,0.002631393786506786
2021-02-11,-0.00016794544556815178,-0.00111715702497861
2021-02-12,-0.0006053753082151837,-0.0012128485646109022
2021-02-16,0.004899653047845475,0.007147931378360894
2021-02-17,-0.0038677729805706553,-0.005358425541173606
2021-02-18,-0.0032089442377685688,-0.0006736997774977604
2021-02-19,0.001476386136273833,0.0013534203322165261
2021-02-22,-0.005886771492460885,-0.009081461628555165
2021-02-23,-0.002223149161365878,-0.00732971654227943
2021-02-24,-0.0004823732072391288,0.004314127636577458
2021-02-25,0.007150255687097218,0.010865575459975352
2021-02-26,-0.008011615079071367,-0.01944433724125838
2021-03-01,0.0012788967891952997,0.0007422786708952689
2021-03-02,0.004527156818344842,0.015908841527319417
2021-03-03,-0.0041795210964020784,-0.01015716188860949
2021-03-04,-0.006521221794757222,-0.011765030720160441
2021-03-05,-0.0042525699148612765,-0.006533915140237712
2021-03-08,0.004162064291506346,0.01339363171641228
2021-03-09,0.0027237035577552583,0.001961309667642297
2021-03-10,0.003635362912412005,0.010399996704168357
2021-03-11,0.002753742760546252,0.006050901694818256
2021-03-12,0.003262372393831692,0.002293420672286217
2021-03-15,0.0019416909872218002,0.004698648832081265
2021-03-16,0.005394555685997499,0.007768307884577608
2021-03-17,-0.006765407044082634,-0.006044916309925874
2021-03-18,0.0006763249785167739,0.0009950277049415313
2021-03-19,-0.002693336952210974,-0.010208703028171229
2021-03-22,-0.0011111976914393918,0.0008535569855194769
2021-03-23,0.0012551487111912064,0.005392627382962534
2021-03-24,-0.005039980656530169,-0.004487547129568226
2021-03-25,-0.0018970876373419546,-0.010354737063632102
2021-03-26,0.006901341500240966,0.009738777328341275
2021-03-29,0.005559090298002418,0.013323548894314419
2021-03-30,0.0016394699571402162,-0.0015040323418926693
2021-03-31,0.001111297851697324,0.0009865194564859792
2021-04-01,5.674131343718085e-05,0.006435195487270784
2021-04-05,0.00136789507805688,0.010433810979742608
2021-04-06,0.001245454902244103,0.010194755046666781
2021-04-07,0.0013229793110006271,-0.00031407368181757267
2021-04-08,0.00039402180770142797,0.0038435928613904657
2021-04-09,0.0012933120180726066,0.001506109410363221
2021-04-12,0.002163231538178873,0.006982258438092748
2021-04-13,-0.00012386380224115335,0.0013067916943971802
2021-04-14,0.0018414539142107608,0.002779588919712861
2021-04-15,0.0017630020157334949,-0.0004395212613694799
2021-04-16,0.004423989405101337,0.008304919377020825
2021-04-19,-0.00045596143629466636,0.00135588834667133
2021-04-20,-0.0036412707978984104,-0.004933161842614053
2021-04-21,-0.00011852870950743716,-0.007395749307848143
2021-04-22,0.004341877463979255,0.010183082113266906
2021-04-23,-0.0011130729703909938,-0.007596326563012568
2021-04-26,0.0043161441881210795,0.011174791218869773
2021-04-27,-0.0031965605022655445,0.0007694604361412338
2021-04-28,0.002192959168104758,-0.0007425209290873314
2021-04-29,-0.0015931013917165116,0.0050177531250994445
2021-04-30,-0.001730466651498852,-0.0019115005209436875
2021-05-03,0.0016664898856749656,-0.0014578302196550652
2021-05-04,-0.002091127883666677,-0.0030868328251899557
2021-05-05,0.0007455444342642503,-0.0004737883461853887
2021-05-06,-0.0018329951880710627,-0.0018960517119465115
2021-05-07,0.0019467136146537332,0.009882063370428185
2021-05-10,0.00056892385196875,0.004263360198618171
2021-05-11,-0.003966086634641202,-0.01843539459033494
2021-05-12,-0.003614069275335358,-0.004768293635592724
2021-05-13,-0.005369654646611478,-0.013450948924541128
2021-05-14,0.006838867288831841,0.013396373493296698
2021-05-17,0.002614170629318985,0.009768509869486852
2021-05-18,-0.0019346773957397312,-0.0009544500957611168
2021-05-19,-0.007774339061439589,-0.016200364633909836
2021-05-20,0.0029803090573476913,0.0057387593871827125
2021-05-21,0.005553713988220511,0.011314892152676004
2021-05-24,0.0013060256002200123,0.00037189687200167576
2021-05-25,0.0004875927368693466,0.008579954681746438
2021-05-26,-0.0006435441207363446,-0.0034118646143701525
2021-05-27,0.0009774364913205328,0.002469253443698083
2021-05-28,0.0015236141008951986,0.0021014289228620253
2021-06-01,-0.0008924805588416634,0.0013655459626931155
2021-06-02,-0.003479022581629721,-0.0023005215835731896
2021-06-03,-0.0038610515298508233,-0.0036582618416176604
2021-06-04,0.0018599962986584114,0.0034879810215435736
2021-06-07,0.00215775152230957,0.005537271345799066
2021-06-08,-0.0009304570513164633,0.0010569533328839142
2021-06-09,0.0010159966934361554,-0.00019363745831868506
2021-06-10,0.0014262316721002422,-0.0010465830384567276
2021-06-11,0.002978932560596598,0.0033911883835862078
2021-06-14,0.0019297703261548895,0.001275108151151949
2021-06-15,0.0008623714940698469,0.0016405880141447948
2021-06-16,-3.262127601905147e-05,-0.001506285906536342
2021-06-17,-0.004947579058067615,-0.006707665617904368
2021-06-18,-0.001915309818674971,-0.0036940674865832968
2021-06-21,-0.0008093499778027092,-0.007462907551847864
2021-06-22,0.004123760640460373,0.012270561684908587
2021-06-23,0.001142298011764309,0.005837262385891995
2021-06-24,0.0020291312471242997,0.0018121219120241783
2021-06-25,-0.00012019136511561826,0.004106202201697107
2021-06-28,0.0035394856074228986,0.0024446903236139406
2021-06-29,0.002022834834822901,0.0019393821986843918
2021-06-30,0.0032316511713206095,-0.0005963040748165893
2021-07-01,0.002330830549908891,0.002349312657621727
2021-07-02,0.0021600507253995765,0.00601528515042471
2021-07-06,0.0018627744051225082,0.006901461333906234
2021-07-07,-0.0011407187407622863,-0.0012510605770211791
2021-07-08,-0.004561106232417205,-0.006881147829818635
2021-07-09,0.005481831797334768,0.0019231484173602986
2021-07-12,0.0004195791296130123,0.009939130915337158
2021-07-13,0.0003479930999916002,0.0019805250786850692
2021-07-14,-0.0005068447247458586,-0.00021911564435550535
2021-07-15,-0.002366544167702206,-0.0025318642902012467
2021-07-16,0.0015586078796664131,-0.00036389024149419136
2021-07-19,-0.01031499834796913,-0.016263631146614554
2021-07-20,0.0022615846017591426,-0.0072828507061064585
2021-07-21,0.00525365833786835,0.015479090022890718
2021-07-22,0.0023345846038698662,0.006958954714878729
2021-07-23,0.0017535483657923903,0.004569810099350757
2021-07-26,0.0018222567716481178,0.006477650312091132
2021-07-27,-0.0022809903396748764,0.0015420526596698902
2021-07-28,0.002850984886854835,-0.003040881413364227
2021-07-29,0.00443604894750213,0.0001452772366539179
2021-07-30,0.0026565743757014427,-0.001923368629465183
2021-08-02,0.0027376092912054116,0.0026710865188508404
2021-08-03,-0.0008557707728537255,-0.003204011324230538
2021-08-04,0.004501162910398343,0.005283708960496236
2021-08-05,0.0020339957424865777,-0.0016056186591000277
2021-08-06,-0.0017048906878026962,0.004583942689087683
2021-08-09,-0.0002320435397080323,0.001964339163254225
2021-08-10,-0.001445883385021707,-0.0004461656327470198
2021-08-11,0.001062715754864213,0.001440585930009508
2021-08-12,-0.0004788050969605329,0.0008779252955593009
2021-08-13,0.003076959583942269,0.004219394454296754
2021-08-16,0.0021774695033410785,-0.0007144581928768545
2021-08-17,0.0011414267159998825,0.00010539034976786432
2021-08-18,-0.0006425652886074826,-0.004746661951045783
2021-08-19,-0.00840349911957336,-0.013172886995061583
2021-08-20,0.007590340438236243,0.006416543652273399
2021-08-23,0.004522751246024137,0.00900792188314914
2021-08-24,0.0027208213316652127,0.0076646382554508286
2021-08-25,-0.000353615015994685,0.0013491867586536976
2021-08-26,0.001498464519517251,0.0007348494124139737
2021-08-27,-0.000161390959930463,-0.004372718184979085
2021-08-30,0.0026973646101515866,0.008864278201894837
2021-08-31,0.0022956076529742357,0.003542553260537984
2021-09-01,-0.0010956446070752468,-0.00020976771620950796
2021-09-02,-0.0021165640976513185,0.0012542342400232442
2021-09-03,-0.0008436640505760596,-0.000454309778105344
2021-09-07,-1.434033205633962e-05,0.0006530641442143992
2021-09-08,-0.006380352639826409,-0.0038122581810673406
2021-09-09,0.0006202371937822524,-0.00112211673385898
2021-09-10,-0.0014906172196996973,-0.0013516664295416536
2021-09-13,-0.001032447517079632,-0.007124569292966565
2021-09-14,-0.004251767399383555,0.00101010310428018
2021-09-15,-0.002054603222990764,-0.007108170908299738
2021-09-16,0.0019098524163654873,0.006655351179013724
2021-09-17,-0.002055722170137431,-0.001641604174028366
2021-09-20,-0.009104660074564898,-0.014942711558234234
2021-09-21,0.0008140420534499591,-0.006472932632838324
2021-09-22,-0.001584606739565836,-0.0016047775646805817
2021-09-23,0.0024259094708674826,0.009002965734126844
2021-09-24,-0.0001529326799263653,0.007100479732796261
2021-09-27,-0.0016878986584587582,0.0009193423423601299
2021-09-28,-0.004908149283976876,-0.005083175945115204
2021-09-29,-0.0054524011335678356,-0.012926658047568873
2021-09-30,-0.0002987217779602758,0.0018933950108213082
2021-10-01,-0.0028514331082712175,-0.012242920783650635
2021-10-04,-0.0012461390019262108,0.00733808484129006
2021-10-05,-0.0022481277072055107,-0.008960947738396507
2021-10-06,-0.0005037069472912991,0.002250579893943394
2021-10-07,0.006076954742246854,0.014853367085368108
2021-10-08,0.0023985594990600656,0.005196438936189818
2021-10-11,-0.002946411401177673,-0.0047815221886298165
2021-10-12,0.00041743313018471906,-0.0039060808131845537
2021-10-13,-0.0002843547390022405,-0.002357958302086738
2021-10-14,0.005016132799968466,0.006594807244741929
2021-10-15,0.00475590932928548,0.013891820004844124
2021-10-18,-0.000449748301921088,0.0036041796187868957
2021-10-19,0.003993933677919848,0.007531750936013104
2021-10-20,0.002248552801094217,0.006021354637594012
2021-10-21,-0.0004624040833914435,0.001728467435613057
2021-10-22,0.0040044391364665085,0.003062477294832444
2021-10-25,0.001508663675864802,0.0016651175119923867
2021-10-26,0.003473743548052982,0.00549005319239626
2021-10-27,-0.0020472741315543,0.0003342164368156375
2021-10-28,-0.0026247791174972613,-0.0037946583959922453
2021-10-29,0.00014025176761000034,0.0021982523562029677
2021-11-01,0.004439278997309143,0.008255209317691747
2021-11-02,0.0035237096475332803,0.0005898830294781554
2021-11-03,0.00396504181129439,0.003752175035880212
2021-11-04,0.00597643968144514,0.006971002800527426
2021-11-05,0.0028036896716177764,0.007791150301250882
2021-11-08,-0.0016507587079928057,0.00047246054793359527
2021-11-09,0.0067791169315444,0.0012272772733734616
2021-11-10,-0.004672545471250978,-0.007858141032449972
2021-11-11,0.0004633358596902115,-0.0023274142021509903
2021-11-12,0.00226129750815362,-0.0008906535452024578
2021-11-15,0.004697407216451987,0.0073163936977944655
2021-11-16,-0.001801723571477726,-0.0021068993717620055
2021-11-17,0.005455433650949731,0.0047185502676905244
2021-11-18,0.001463118555289811,-0.00016585880171227085
2021-11-19,-0.0009038591869305833,0.001642243360522322
2021-11-22,0.0011880929345761291,0.0007561015194104126
2021-11-23,-0.008898460242263633,-0.007113756267243199
2021-11-24,-0.001094588151691134,-0.0005771522639345106
2021-11-26,0.0027306968690066547,-0.00238460809877028
2021-11-29,5.2939223014991676e-05,-0.007691903476566231
2021-11-30,0.0026260807060325356,0.00248447204968949
2021-12-01,-0.0028771537115804546,-0.008066413615915091
2021-12-02,-0.00852119117970142,-0.021310815434025576
2021-12-03,0.0075156445615059304,0.01881583452809532
2021-12-06,-0.00599735927806921,-0.008959626252064479
2021-12-07,0.008921823565275001,0.018380231929749913
2021-12-08,0.0016828090126451978,0.012713736424465827
2021-12-09,0.0006537549060541216,2.98744202202883e-05
2021-12-10,-0.0004304682646597837,-0.0007162360437540372
2021-12-13,0.002918336289092666,0.00483391798599353
2021-12-14,-0.0060112396359328244,-0.014289869669339539
2021-12-15,-0.0008109330556724026,-0.0014064801147226635
2021-12-16,0.010723887360754638,0.017830397020895283
2021-12-17,-0.007612195659177751,-0.014119103408272826
2021-12-20,-0.005390693274673586,-0.013885029050241804
2021-12-21,0.0013384147980243734,0.0015388432058300872
2021-12-22,0.004071302913802149,0.012056667047093628
2021-12-23,0.006116780860285221,0.011526010724346447
2021-12-27,0.0038055965775713576,0.006384041039225741
2021-12-28,0.006436808146460738,0.012991154809198546
2021-12-29,-0.0015170852145621474,-0.0014284457524587069
2021-12-30,0.00021429476835826971,0.0011673133896903387
2021-12-31,-0.0018982281086286634,-0.003967273077999156
2022-01-03,-0.0007102006440803221,0.0006136223967574406
2022-01-04,-0.0008009677950568562,0.005518806094364281
2022-01-05,-0.004473868928237668,-0.0034383385726870497
2022-01-06,-0.005234099601718041,-0.019757788346575156
2022-01-07,-0.00038597701827329804,0.0009097942866167497
2022-01-10,-0.0046147903528642896,-0.00900880674471416
2022-01-11,0.0035436382830880573,0.0029644007595444055
2022-01-12,0.00418840512917058,0.012732474350840128
2022-01-13,-0.00039070370401652634,0.0010510987435967678
2022-01-14,-0.008796346872564425,-0.02018984084616049
2022-01-18,-0.0010768742923332407,-0.0012397611270035247
2022-01-19,0.0008962293546670386,-0.009544075216710968
2022-01-20,-0.005772169052301967,-0.00886648287062386
2022-01-21,-0.005202132413498606,-0.0167064803044098
2022-01-24,-0.008186184518301732,-0.025732561672075382
2022-01-25,0.00014494671440912763,0.0023690438067986985
2022-01-26,0.0016463979053584156,0.009570296098158071
2022-01-27,-0.0003535871769118737,-0.006317463710608595
2022-01-28,-0.006691323161305036,-0.01013339236518418
2022-01-31,0.0020868211737505083,0.022047027216996584
2022-02-01,0.003955579614136973,0.01980684652985487
2022-02-02,0.004499512341181344,0.010359462143743503
2022-02-03,-0.0032612101314575806,-0.006784348148362818
2022-02-04,5.476237529389109e-07,-0.011602063622622283
2022-02-07,0.0028615739864444713,0.005121801542661952
2022-02-08,-0.001006567435273492,-0.0057104767172502235
2022-02-09,0.007204920588134079,0.014950821687568672
2022-02-10,-0.0032642204336177758,0.001372384951616512
2022-02-11,-0.0025295904837101756,-0.01031577786938298
2022-02-14,-0.008986791556121266,-0.020784408356368855
2022-02-15,0.0007912532817910157,0.0037777919171408936
2022-02-16,0.000771167686919766,0.005976189386919906
2022-02-17,-0.0016253825322150527,6.95861737642911e-05
2022-02-18,-0.0030436340065181757,-0.016043373167093478
2022-02-22,-0.00031693728909943384,-0.011820906479231397
2022-02-23,0.0025566326827640875,-0.0018025679295948782
2022-02-24,-0.008843124543469055,-0.03911280630546665
2022-02-25,0.0011026805143348195,0.03431611051887229
2022-02-28,0.001605304740567448,0.012979317925244871
2022-03-01,0.0013862976888547318,0.002060143495706157
2022-03-02,-0.003991484415030028,-0.009300658895526004
2022-03-03,0.002966299520253746,0.018218370348246804
2022-03-04,-0.0033710766747524325,-0.013448255319045033
2022-03-07,-0.00033262375458901203,-0.003479947849136744
2022-03-08,0.0002610765183989005,-0.028738000631029048
2022-03-09,0.0006481179988253316,0.004863572272398198
2022-03-10,-0.0009035705599149903,0.006973480701438772
2022-03-11,0.0009729529141719095,0.006337420265553062
2022-03-14,0.0007634984905440345,-0.01793433812361256
2022-03-15,0.0008450374109935099,-0.0033145382859437467
2022-03-16,0.002062844085227389,0.023710810363757773
2022-03-17,0.00026246744053125547,0.013285416228512759
2022-03-18,-0.0016761965396047407,0.014321842813372898
2022-03-21,0.0011510419592609235,0.012492809845791708
2022-03-22,0.0004964915040523322,0.0015014780071549438
2022-03-23,5.928146714337946e-05,0.005370208649519093
2022-03-24,-0.00048051285549126637,-0.005145693771558824
2022-03-25,0.0007071687874352862,0.01184125566837535
2022-03-28,-0.00028249666980068044,0.0040194668635809006
2022-03-29,0.004642076394503292,0.013602465852170953
2022-03-30,-9.258196778210142e-05,0.004636320171615527
2022-03-31,-0.0022087354616547317,-0.005445303991547523
2022-04-01,4.50334122327534e-05,-0.012763631178644652
2022-04-04,0.0004966226282255904,0.0016849893666501803
2022-04-05,-0.000849248385428536,0.00538261670862572
2022-04-06,-0.0006951798928885644,-0.017119983836620056
2022-04-07,0.0015614590566522257,-0.004343409321538538
2022-04-08,0.0018306360559674775,0.004357882834540083
2022-04-11,-0.0011587451253527337,-0.0070112849614935024
2022-04-12,-0.001827089070404675,-0.005613334752814891
2022-04-13,-0.002388215122035869,-0.009755304250001928
2022-04-14,-0.001575624588306007,0.012475323700381624
2022-04-18,0.0010633867341990455,-0.014270290013013942
2022-04-19,-0.0004847760177354776,0.0011400870875117874
2022-04-20,-0.00013183870016890154,0.018591838754627776
2022-04-21,0.0017365601794001818,0.0037811212085612222
2022-04-22,-0.005156440583320554,-0.023019811134000867
2022-04-25,-0.0027149720661997947,-0.02975268810021625
2022-04-26,-0.00029672874065315167,0.005358042789987305
2022-04-27,-0.0004156111476744273,-0.021415875651462635
2022-04-28,6.765068581185418e-05,0.008613373022347881
2022-04-29,-0.003968550649434993,0.007381724277172541
2022-05-02,-0.0020564965490334763,-0.02894860692771084
2022-05-03,0.0004773159536539007,0.007061892272689274
2022-05-04,4.3900970589494385e-05,0.005144597005198426
2022-05-05,0.0015487993727798521,0.021345647938580736
2022-05-06,-0.0019188785316968716,-0.033312862650944575
2022-05-09,0.000648049380997029,-0.011360942798218976
2022-05-10,-0.00011540881034930451,-0.011293074868866104
2022-05-11,-8.263508101836182e-05,-0.011176664802971525
2022-05-12,0.000781349823478017,-0.021586064757276424
2022-05-13,1.304175139944519e-05,0.015356229439847047
2022-05-16,0.00016620564363863945,0.012391866191791667
2022-05-17,0.00047099760473001684,0.009713378024289732
2022-05-18,-0.0001898615674374493,-4.940654306562209e-06
2022-05-19,-0.0011596319291320544,-0.03775437717020824
2022-05-20,0.0003736638325803288,0.007376252825243679
2022-05-23,-0.00022319668375010983,-0.002123370030218008
2022-05-24,-0.0015232432731866919,0.0060008929892865215
2022-05-25,0.0011324327607609597,-0.0033857613136414333
2022-05-26,0.000422308710915853,0.013998918089483059
2022-05-27,0.00014429041234622633,0.02329715196237081
2022-05-31,0.0002115351816719624,0.01806527968458216
2022-06-01,0.0003149687870160567,-0.0003155938905351485
2022-06-02,-0.0011773604701326656,-0.013101869463376326
2022-06-03,-0.0002927101198985815,0.010294430353532169
2022-06-06,0.00018640947032348977,-0.0006887157186618031
2022-06-07,-0.0019610651958133166,-0.009250928240000733
2022-06-08,0.000809730263301245,0.012364279413095147
2022-06-09,3.819022479329971e-05,-0.01096428691691409
2022-06-10,-0.0038818021315802703,-0.031026541220133486
2022-06-13,-0.0012054863537864558,-0.034279472803811495
2022-06-14,-0.0005040419197810287,-0.019444233474812278
2022-06-15,-0.0010291169511950637,0.00014083339377091164
2022-06-16,-1.098721110371348e-05,-0.00952965999978339
2022-06-17,0.00038817633269853106,-0.016705210166578
2022-06-21,0.0008539086986044443,0.013478315711350941
2022-06-22,0.0013469107335321363,0.005000883827017022
2022-06-23,0.0017394983024161426,0.01093231710996978
2022-06-24,0.0007295699261094524,0.012461894966578235
2022-06-27,0.000699171454528591,0.0259069823420226
2022-06-28,5.5563028460370314e-05,-0.0019792105985311226
2022-06-29,0.00023828914775789745,-0.022466116051463092
2022-06-30,-0.0002371630652786394,-0.010222007000575517
2022-07-01,-2.9382008889727863e-05,-0.0013180146400931791
2022-07-05,-0.0003854261190293307,0.003070644650059462
2022-07-06,0.0008920450514572908,0.010380680305057233
2022-07-07,-0.0014261626282938479,0.0070120713898440545
2022-07-08,0.0005991923779989583,0.007621418651954759
2022-07-11,9.210238221107891e-05,-0.0018826077322479096
2022-07-12,0.00023642101360331626,-0.007469837377558242
2022-07-13,-0.0003268051359328395,-0.018764529709137445
2022-07-14,-0.0005649058380526762,-0.004148492319362762
2022-07-15,0.000990660173932878,0.014349137459385819
2022-07-18,0.0006454111947436392,0.017231545066134002
2022-07-19,-0.001235379236637102,-0.0059375142224002975
2022-07-20,-0.0001566463785751371,0.019320203243420986
2022-07-21,-0.0007657295751460514,0.0051202702686774515
2022-07-22,0.0004176777938769916,0.010860899275102698
2022-07-25,2.356839847802439e-05,-0.008180701299441928
2022-07-26,0.0008785564421701642,-0.0031520127725467306
2022-07-27,-0.0005458185471409971,-0.00045280532724356615
2022-07-28,0.0006488452533055856,0.01890453644988699
2022-07-29,-0.0019809862457755845,0.01520075037165669
2022-08-01,-0.001351080603116106,0.006128647358715655
2022-08-02,-0.00011659952666637219,-0.0019866651690292336
2022-08-03,0.00019124614650873896,0.0009136959453077687
2022-08-04,0.0007100178692205361,0.011414458067904087
2022-08-05,0.0016606165072780622,-0.009381801882753504
2022-08-08,0.0020611763221116243,0.009733071611386146
2022-08-09,-0.0012788514619224258,-0.005491024039091408
2022-08-10,0.0018043477602106674,0.011591793548880958
2022-08-11,0.0013322116211344436,0.01109295879853267
2022-08-12,0.001168606690097651,-0.0005629660944025394
2022-08-15,0.0013374704624243617,0.01049701479548748
2022-08-16,0.0005173711115384894,0.004939802165452312
2022-08-17,-0.0011609780608439258,-0.0023447506060753076
2022-08-18,-0.0011023469193286283,-0.0016984439998863898
2022-08-19,0.001225279735342438,-0.0015959786867656423
2022-08-22,-0.004135950337872164,-0.01669592211781923
2022-08-23,-0.0023450732755851303,-0.014776889408677718
2022-08-24,-0.000729442205857428,-0.0015823607300454734
2022-08-25,0.0021006910511769507,0.006472710182040986
2022-08-26,0.0015833149414645976,0.010950547597919469
2022-08-29,-0.006048382534882846,-0.039097478549881215
2022-08-30,0.0010483746645871483,0.0016531886208339674
2022-08-31,-0.0009275977756495525,-0.010041466903804475
2022-09-01,-0.0011726002131301205,-0.01598230862702199
2022-09-02,0.002204464548331686,0.014715241311451965
2022-09-06,-0.00012823701032539382,-0.015963816929180363
2022-09-07,-0.0002098772638905511,-0.005459313672972255
2022-09-08,0.003044492653339448,0.012920044776049577
2022-09-09,0.0016752370513110739,0.015909332194979475
2022-09-12,0.0004426705619779592,0.015095920235767002
2022-09-13,-0.0015403253390487372,-0.011399012549507592
2022-09-14,-0.00188016153703382,-0.023875964529363802
2022-09-15,-0.0008704391594760941,-0.0021113013072733278
2022-09-16,-0.001379030003197107,-0.013086113118328635
2022-09-19,-0.0018919547999227348,-0.007998051882407653
2022-09-20,0.0006290940527974577,0.006576795025705406
2022-09-21,0.00021621202064346927,-0.000988348599774369
2022-09-22,-0.0020952009424121845,-0.02299937933768359
2022-09-23,-0.003311843255076641,-0.014599407056825497
2022-09-26,-0.0008350317570452904,-0.011917964754543764
2022-09-27,-0.0016777110720365919,0.001010115005408485
2022-09-28,-0.0018216842739707973,-0.009358622559530794
2022-09-29,0.0,0.009603133929379615
2022-09-30,-0.0006059445628085802,-0.014518547320211295
2022-10-03,0.0005479924880524734,-0.006522659075946624
2022-10-04,0.0018647006322560446,0.03232328028125098
2022-10-05,0.0017976611170806623,0.007189139114152754
2022-10-06,0.001109768698964686,0.004987669540564843
2022-10-07,-0.000975524529570432,-0.017293345645747693
2022-10-10,-0.0013764232286506695,-0.01597899518843915
2022-10-11,-0.0003805980486526806,-0.014160318191167587
2022-10-12,-0.00036335469648450807,-0.0013988389833333725
2022-10-13,-0.0019723405690334705,-0.01962219303183832
2022-10-14,0.0021380119777949292,0.048301681147584485
2022-10-17,-0.0014772335478016264,-0.014025544857709238
2022-10-18,0.0016379546932823843,0.02957418556606961
2022-10-19,-0.0028847616581864077,-0.011518128008004891
2022-10-20,-0.0013384611465570074,-0.0037968243411315994
2022-10-21,-0.0011807358732976781,-0.0086607529713576
2022-10-24,0.0018697544663126677,0.02868663949794792
2022-10-25,0.0003852048247420803,0.009949450305411833
2022-10-26,0.0038004026165652906,0.0069826157818027035
2022-10-27,0.0029641972734180348,0.0022791529389663
2022-10-28,-0.0021063379769219793,-0.006892325597237847
2022-10-31,0.0024578894849880076,0.019323808695287603
2022-11-01,0.0017650771567692572,0.005136710822061241
2022-11-02,0.0014448476611922001,-0.01253018133453876
2022-11-03,-0.005158538433308036,-0.031054505794704368
2022-11-04,0.004129142133514863,0.009035017871492634
2022-11-07,-4.1343387060693826e-05,0.0036448243791944446
2022-11-08,0.0024295679703317586,0.009604031774166133
2022-11-09,-0.000704755917032224,-0.0015928860980264359
2022-11-10,0.004681408474182725,0.012844587404810204
2022-11-11,0.004119353434672951,0.026899751292037255
2022-11-14,0.0005475630468950666,0.003595107652741625
2022-11-15,0.0002515431454123584,0.0071493605069177235
2022-11-16,0.0006808723232863024,-0.007385625634702242
2022-11-17,-0.003544074405922565,-0.014473890597091144
2022-11-18,0.0030305174504554394,0.012025199322082791
2022-11-21,-0.0009929317324268328,-0.0025615011092041673
2022-11-22,0.005178560838895974,0.002345674883080351
2022-11-23,0.002153285978407421,0.008773156284267225
2022-11-25,0.0007928912219582029,0.0057595777269880966
2022-11-28,-0.001083675546341667,-0.00446891887734413
2022-11-29,-0.005232217102009918,-0.010278767679175016
2022-11-30,0.0008694210162247417,-0.001768333472724093
2022-12-01,0.006340151644343173,0.032841559692136535
2022-12-02,-0.005179849659142439,-0.011492136784556406
2022-12-05,0.0007301218795265354,0.0029330691246645113
2022-12-06,-0.0014667208089711226,-0.013669758898466111
2022-12-07,-0.0015767295556975702,-0.01585081815758349
2022-12-08,0.0025938451239947485,0.0036890355269769692
2022-12-09,-0.0010905301402725888,0.0016160643674998365
2022-12-12,-0.0008544947654160972,-0.0037630863383443236
2022-12-13,0.006110477407285164,0.03302367747995527
2022-12-14,-0.005750228206650016,-0.013230478672536572
2022-12-15,-0.005927043452468084,-0.01423716892842819
2022-12-16,-0.00428404985822885,-0.017042419753829585
2022-12-19,-0.00026192964796047937,-0.009540152274240432
2022-12-20,-0.0006378305708205744,-0.011240899976458829
2022-12-21,0.0025968153903321413,0.007615863595401784
2022-12-22,9.602716035108099e-05,0.003586418916646128
2022-12-23,-0.00017238279845797064,-0.009900682084018064
2022-12-27,0.0017753444663801687,0.007399519194434712
2022-12-28,0.001287227862281981,-0.00358543063630834
2022-12-29,-0.0017206820336091333,-0.0062957903918415825
2022-12-30,0.0006400226392065223,0.006204287988232249
2023-01-03,0.0013792901390034086,0.006327918627019091
2023-01-04,0.0010373753955085219,-0.0033555562933359484
2023-01-05,-0.002543994076851397,-0.00016147370823416107
2023-01-06,0.001033361008379946,-0.004263276442808217
2023-01-09,0.0022463999997845373,0.022872478596501544
2023-01-10,-0.002257721360983927,-0.005689343823310766
2023-01-11,0.0022027104487280626,0.011258644830166586
2023-01-12,0.002131975402054881,0.011499477304952377
2023-01-13,-0.004649018714269609,-0.004266416533580952
2023-01-17,0.0044854152557269765,0.009766179540195097
2023-01-18,-0.002673381006128589,0.0007426263430838631
2023-01-19,-0.005321130222997761,-0.02258977128099815
2023-01-20,-0.001403430017762869,-0.0007157881624028084
2023-01-23,0.002436105705649472,0.017676936747927696
2023-01-24,0.0013209330521780915,0.005932445387423435
2023-01-25,-0.002685570237201829,-0.004755438719985516
2023-01-26,0.0035265015735861604,0.013400452885335756
2023-01-27,-0.0015053319259510423,0.004370550691927821
2023-01-30,-0.002198226075117826,-0.0010977450845237602
2023-01-31,0.002364338606200345,-0.0070185296949621945
2023-02-01,0.007145026482510075,0.012241185199074023
2023-02-02,0.005883504471730704,0.021771150357023927
2023-02-03,-0.0063285740941295245,-0.005287791665986696
2023-02-06,-0.0036028450097536804,-0.00413860294824997
2023-02-07,-0.0035789917046687714,-0.0034517503451216847
2023-02-08,0.0043205374380689224,0.011721318777409895
2023-02-09,0.0024136908041484,-0.0022198822591283918
2023-02-10,-0.009997740381774329,-0.01817701106955416
2023-02-13,0.003387165311179924,0.00680775140439116
2023-02-14,0.004094011644815476,0.007342657426007815
2023-02-15,-0.0028981142118573505,-0.0017447827493449752
2023-02-16,-0.005035625724604715,-0.0011530525549217074
2023-02-17,-0.0032295673106251706,-0.009079557062245613
2023-02-21,-0.002777150040927429,-0.006141133318511849
2023-02-22,-0.002652226796571894,-0.012466844747809236
2023-02-23,-0.00022673229094095638,0.004190587607134866
2023-02-24,-0.003763273144995233,-0.011287539521120826
2023-02-27,0.003079967806059203,0.0048122230810356825
2023-02-28,-0.003555108598507884,-0.003799799017985217
2023-03-01,-0.0014213830264638572,-0.003482321367515029
2023-03-02,-0.0007513092808956734,-0.006222064143661332
2023-03-03,0.0027534322786837316,0.015065983761190616
2023-03-06,0.0036156453948319235,0.01428954395761095
2023-03-07,-0.001602387873812844,-0.0016990475676725847
2023-03-08,-0.0032239336439316424,-0.014996556740685896
2023-03-09,0.0007968415787200256,0.002786137639705588
2023-03-10,-0.0030778911129138668,-0.0214796693057141
2023-03-13,-0.006013105417629366,-0.01984525079576549
2023-03-14,0.003915545151913458,0.015355423240644761
2023-03-15,-0.0009912279121531752,-0.004435021863821387
2023-03-16,0.0019747682675781697,0.0005648925158165952
2023-03-17,0.005478744933006552,0.02056237446183773
2023-03-20,-0.0013428369323250145,-0.010412528213432748
2023-03-21,0.0031179090436270988,0.014912666162572918
2023-03-22,0.0005350585782264773,0.006577180754726131
2023-03-23,-0.0010794545427992965,-0.010702061375436167
2023-03-24,-0.000613115613424392,-0.005051512851635742
2023-03-27,0.002848289059940218,0.011098664741576725
2023-03-28,-0.0015710888718194706,-0.002209441034404569
2023-03-29,0.0012982983643920643,0.006391373013304502
2023-03-30,0.0021022792818353175,0.01180387710348052
2023-03-31,-0.0011248656543820402,0.0023327274371545137
2023-04-03,0.0002754554347808025,0.01134571553714614
2023-04-04,0.0015692642046478077,0.0062965210408953975
2023-04-05,-0.0047385608005249555,-0.008122466867079736
2023-04-06,-0.0034702591672209847,-0.0032604952146171318
2023-04-10,-0.0013561699536758568,0.0009923793354904564
2023-04-11,0.00403257172119122,0.006141703757591488
2023-04-12,0.002420607700990835,0.0027808684235473002
2023-04-13,-0.003547381422856072,-0.005259982398410301
2023-04-14,0.00218713214195187,0.009773032418461947
2023-04-17,-0.0037614365036151283,-0.0007101119301988756
2023-04-18,0.0026892940429197876,0.006547916634210393
2023-04-19,-0.002034697222253079,-0.00598658318719425
2023-04-20,0.0013667743171536626,-0.0021380507205791544
2023-04-21,0.0012650041204364415,0.0004019281676344022
2023-04-24,-0.0013258107106112029,-1.7016000830927247e-05
2023-04-25,-0.0014957461791668349,-0.0013648482909086601
2023-04-26,-0.0023798404215971073,-0.009366485033775573
2023-04-27,-0.0020857194659718086,-0.003055445778603505
2023-04-28,0.002346101398800904,0.013333981932363459
2023-05-01,0.0033762459291176664,0.008998422934864081
2023-05-02,0.0006297675871975994,-0.0006455668226698075
2023-05-03,-0.005864121700792946,-0.01005021413385454
2023-05-04,-0.0071878770896957826,-0.00963065102113525
2023-05-05,0.0031553389435968527,0.0005339632373277947
2023-05-08,0.003132136206216457,0.012791543198653166
2023-05-09,0.0017803484661831404,-0.003077119185698307
2023-05-10,0.0011497090580278812,0.004725764532945487
2023-05-11,-0.001435101534680522,-0.0027752704922475724
2023-05-12,-0.00037911084989452075,0.0015245494768414414
2023-05-15,-0.0019980894843824593,-0.0028730268661224523
2023-05-16,0.0007112742363795831,0.00031509650673577916
2023-05-17,0.003109580381890181,-0.0012355036797783159
2023-05-18,0.0020937034335364647,0.008448058333432984
2023-05-19,0.004941146062976688,0.01117684011223119
2023-05-22,-0.0010578683057431537,-0.0031802189498634226
2023-05-23,-6.589311502860352e-05,-0.003335890021772814
2023-05-24,-0.003859031985121192,-0.010496036630915362
2023-05-25,0.004775591335128304,0.005504529493394639
2023-05-26,0.0059434128995564,0.00010833174517266286
2023-05-30,0.009603617687154143,0.01697475603326004
2023-05-31,-0.005474930693997321,-0.008510100502501006
2023-06-01,-0.0036726080534491895,-0.0018398776320002197
2023-06-02,0.005144312722911548,0.013860762042502195
2023-06-05,0.00023596071050961936,0.009898696553416908
2023-06-06,0.00047728523982417683,-0.0027201534412790718
2023-06-07,0.004454313428723966,0.0033081823527636445
2023-06-08,-0.0021278790709850113,-0.0039156201294732185
2023-06-09,0.005946667102690606,0.008477997208278909
2023-06-12,0.0021648822291037654,0.0007990795329699818
2023-06-13,0.005309759061131941,0.010280118670282556
2023-06-14,-0.0019694760025999293,0.003142982305089248
2023-06-15,-0.0007254425829644197,-0.00021985734546070557
2023-06-16,0.007385632488955185,0.017322886433362328
2023-06-20,-0.008287557119554135,-0.01009701303981736
2023-06-21,-0.000787323518505473,-0.0036623510687772143
2023-06-22,-0.00703558800050062,-0.005618677719486431
2023-06-23,-0.0014850222196609198,-0.0002824035671415981
2023-06-26,0.0018072437090860597,-0.0021427914602336617
2023-06-27,0.000769774684350616,-0.0017215779494174077
2023-06-28,0.0011072433911241853,0.006944343595394864
2023-06-29,0.001822386549656746,0.0017080698642835124
2023-06-30,0.003449523812951688,0.010857291902556243
2023-07-03,0.0009058103004522587,0.0063404001940123855
2023-07-05,-0.0014636855082708845,-0.001896411497925854
2023-07-06,-0.0026077842452987667,-0.004371847552976704
2023-07-07,0.0007430308588911195,-0.004088092046326985
2023-07-10,0.00031850010444787753,-0.002340779854948183
2023-07-11,0.00234024396678294,0.004851777060716378
2023-07-12,0.005040599726472949,0.01180829999095434
2023-07-13,0.00011345297621185853,0.005329389215907643
2023-07-14,0.0015945638283073773,0.005145243967772384
2023-07-17,-0.0001360724941528612,-0.0012736427230991554
2023-07-18,0.002552250443788218,0.0028654520802955386
2023-07-19,0.005015471098005774,0.009308355123666345
2023-07-20,-0.003566317074545184,-0.0020794269186714676
2023-07-21,0.0002866994401200418,-0.0009265205518811381
2023-07-24,9.364832636036267e-05,-0.0014878640089076578
2023-07-25,-0.00103945498725172,0.002597136572564329
2023-07-26,0.0009465182829874797,0.0008276316859985311
2023-07-27,0.0014530420879600436,0.008620344338233332
2023-07-28,0.00015998420436158533,-0.007070015023516452
2023-07-31,0.0006553685718163061,0.004176712307671249
2023-08-01,-0.0005928134964720055,-0.0013064299849058214
2023-08-02,0.0012890917442340557,-0.006093238200089446
2023-08-03,-0.005616648367006704,-0.012450236338832243
2023-08-04,0.0032853009490909973,0.0043811211432960295
2023-08-07,0.0008224651970924368,-0.004957926744182273
2023-08-08,-0.00029461626693272347,0.0014359550356590756
2023-08-09,-0.001960499728129489,0.0007870199246307052
2023-08-10,-0.002160322347247673,-0.0032010317581269154
2023-08-11,-0.003963711244991059,-0.008127682893812493
2023-08-14,-0.0008199569668180472,0.0016716377694689921
2023-08-15,0.0030270711939267845,0.004652227485556271
2023-08-16,-0.0026425137528827635,-0.01006505590595419
2023-08-17,-0.00015867202762064872,-0.003940244055274156
2023-08-18,-0.007045420342343967,-0.016176351407902745
2023-08-21,0.0020044460545381947,0.008147498503649153
2023-08-22,0.004222377114312831,0.008001838852286891
2023-08-23,-0.0025857319014210515,-0.004278306804815779
2023-08-24,0.0037279354360809417,0.013356310020458784
2023-08-25,-0.005839896270165762,-0.014764962679336913
2023-08-28,0.002747761944951038,0.008349676565307051
2023-08-29,0.0006284790178782862,0.0015183392724305023
2023-08-30,0.004432177026723238,0.015247835711465818
2023-08-31,0.0016063715808505242,0.0037041473430392546
2023-09-01,0.002056904706165924,0.0030087010514510126
2023-09-05,0.0005030977989748331,-0.004533624380824497
2023-09-06,-0.0018488797250911517,-0.004370221389833451
2023-09-07,-0.003123768982009051,-0.01242671323063993
2023-09-08,0.0031762085318918277,0.003777159066360003
2023-09-11,-0.0008125075870338283,0.0066677548319695745
2023-09-12,-0.002557124060704574,-0.0017205970504455825
2023-09-13,-0.0015432316031654403,-0.002374128353783811
2023-09-14,-0.0005559264050055916,0.00563115712915363
2023-09-15,-0.002725049602868429,0.002272882316159519
2023-09-18,-0.004373511586826695,-0.01174974052479938
2023-09-19,0.001666863903037441,6.305179935983674e-05
2023-09-20,0.00318025508166836,0.0016646163309241846
2023-09-21,-0.006024319595841399,-0.017618131984115104
2023-09-22,-0.0019935191718756574,-0.007457006265090826
2023-09-25,-0.0009188364222183833,-0.007167659857011177
2023-09-26,0.0010938726224465458,0.0005242321437672892
2023-09-27,-0.0007821642431612708,-0.007013874910022699
2023-09-28,-0.0015424845638716213,-0.0030308433892086706
2023-09-29,0.004412825691036149,0.013708447946837676
2023-10-02,-0.0023755652777653793,-0.010087416530001336
2023-10-03,-0.0002254752982497277,-0.003447298522102793
2023-10-04,-0.0011235280530493275,-0.008412652233737328
2023-10-05,0.0022179434869143647,0.006018186842310369
2023-10-06,-0.0014844586009350735,-0.005756805490545913
2023-10-09,0.0037482174922388147,0.012805825074802435
2023-10-10,0.0028806318871861694,0.011827872156748409
2023-10-11,0.0014827550425080608,0.0061846520536896765
2023-10-12,0.003016142332957339,0.0032863397226989832
2023-10-13,-0.0009195720476847691,-0.004667881163576415
2023-10-16,-0.001336114194527538,-0.004155522937456357
2023-10-17,-0.001526243609392797,0.0006585950078115133
2023-10-18,0.0017466504339727405,0.0027892924521781826
2023-10-19,-0.0021687545453105417,-0.008259660933455537
2023-10-20,-0.0041565414131875585,-0.010994170152014426
2023-10-23,-0.004715512709636833,-0.014846144310792675
2023-10-24,0.0007216311895316297,0.006030338520722545
2023-10-25,-0.0015588274150739711,-0.0007956289514874371
2023-10-26,-0.002585965744497853,-0.013332724195996404
2023-10-27,-0.0022445016778443183,-0.005522057595807928
2023-10-30,-0.0007892687181374425,-0.0032603579856608222
2023-10-31,0.0023898129912357626,0.007716098350557532
2023-11-01,0.0021300267409365414,0.007177552685954769
2023-11-02,0.004171286178065392,0.015945117972023137
2023-11-03,0.004418564021876282,0.015455998103735435
2023-11-06,0.0022426608542146843,0.006930882578420894
2023-11-07,-0.001045891735887078,0.0004445053577273317
2023-11-08,0.0030297956981427342,0.004159249420543354
2023-11-09,0.00014474653097219515,0.0016057127647370883
2023-11-10,0.0001404424075939826,-0.006207631019719773
2023-11-13,0.0029296382968582784,0.0097407868330599
2023-11-14,0.0041525856722866355,0.011870681363880031
2023-11-15,0.0016856755945323931,0.010390199443252701
2023-11-16,-0.0023190955578192233,-0.0018244571768448736
2023-11-17,0.002834281426863228,0.0027728495703591705
2023-11-20,0.000426372552257881,0.00047685261680996405
2023-11-21,0.0010909153793668192,0.005999916449872744
2023-11-22,0.0013060924966710075,0.00314402789078172
2023-11-24,0.0008075288165168448,0.0006149308293972311
2023-11-27,0.0010833985038626428,-0.00021510424035087183
2023-11-28,-0.0012843403285799195,-0.0020439835413603724
2023-11-29,0.0023033433747151723,0.005783687384832703
2023-11-30,-6.999063248331878e-05,-0.003711793750977188
2023-12-01,-0.0018510774521666939,0.0010011391052717755
2023-12-04,0.001516491410290405,0.001083455874045347
2023-12-05,8.202201251849024e-05,-0.0015599342307252018
2023-12-06,0.0025967739393351237,0.00635909385457234
2023-12-07,0.0010637831382342255,-0.00379181523665606
2023-12-08,0.0038721731696866493,0.0016109891819842126
2023-12-11,0.002844098024462927,0.0037563788017529465
2023-12-12,0.004148357106531552,0.005422937574935505
2023-12-13,0.003750192286199383,0.006041268822929435
2023-12-14,0.0027314557402497723,0.01610775270198328
2023-12-15,-0.0021968193700936892,-0.0014424911751229619
2023-12-18,0.0005899029477902609,0.0024076249362618984
2023-12-19,-0.0004585309837156714,0.003838711104002135
2023-12-20,0.0032244081171181214,0.00442896390880243
2023-12-21,-0.004689858950343579,-0.00848735218407315
2023-12-22,0.005048419494879019,0.006271817049229966
2023-12-26,0.00020190444296767088,0.0010391301257555163
2023-12-27,0.00367967387894978,0.0030659301703390707
2023-12-28,0.0016008311797815864,0.0027212489001153806
2023-12-29,0.0008614512360770876,-0.0007437800614508161
2024-01-02,-0.0039024459183903356,-0.007878033407320961
2024-01-03,-0.002825222083534379,-0.004242259602373677
2024-01-04,-0.006791987812057027,-0.005851744709047035
2024-01-05,0.00012864915388060584,-0.0014582681067857317
2024-01-08,0.002027030136552077,0.002799312575191726
2024-01-09,0.00433914413911441,0.008127639705193923
2024-01-10,0.002947449881145537,0.003797982036298775
2024-01-11,0.0018406634692275606,0.0067626780594924885
2024-01-12,0.0028225493024540637,-0.00019818056990816846
2024-01-16,-0.0018248529663421164,-0.00393015445759759
2024-01-17,0.0027755775337604204,-0.006960976073416059
2024-01-18,0.001682453145051516,0.004424908234695879
2024-01-19,0.003833789550778305,0.007600614852157017
2024-01-22,0.007609948320949901,0.011913428590131447
2024-01-23,-0.005732336810277955,0.000696392001291013
2024-01-24,-0.0001489011946483931,0.00653933766748982
2024-01-25,0.0023939134542939108,-0.0003886425288792683
2024-01-26,0.0005213500850391683,0.0004604371755057013
2024-01-29,-0.0009597993540710338,0.0008263680316020761
2024-01-30,0.00024658430391951715,0.006732122766711646
2024-01-31,-0.0014507559944369705,-0.0054203797834365686
2024-02-01,-0.007937889140360133,-0.00777272948802421
2024-02-02,0.004663190929700106,0.01130404308027888
2024-02-05,0.001167158362642101,0.008366432127004053
2024-02-06,-0.002627493490850907,-0.0014180988098785319
2024-02-07,0.0025625704013768633,0.004624021792224209
2024-02-08,0.00045711146512709706,0.004446034612735961
2024-02-09,0.00018511956123206102,0.0018036990493142113
2024-02-12,0.0008523713286887559,0.004528254756287264
2024-02-13,-0.005415658427288202,-0.011715163592861288
2024-02-14,0.0023909069281439436,0.0017109707645930339
2024-02-15,0.005571233202950044,0.005365320515644534
2024-02-16,-0.0004343534284302786,0.005594435760119865
2024-02-20,-0.008308908275438476,-0.008310272159059662
2024-02-21,-0.0022478777742419302,-0.0052692631438227
2024-02-22,0.0066005587660995565,0.015272987721221876
2024-02-23,0.0038261662716502004,0.012322273779294513
2024-02-26,0.0013675832173935868,-0.0015526457965034934
2024-02-27,-0.0006582072039340582,-0.003612782710337714
2024-02-28,0.003752901342339277,-0.0014582237420378563
2024-02-29,0.0016760044430848054,0.003583767616986755
2024-03-01,0.002762228421161256,0.002585835161577954
2024-03-04,0.005463375668373445,0.006370580864429876
2024-03-05,0.00039894995749130153,-0.003989525200537303
2024-03-06,0.0016327966467436172,-0.0004872761217025179
2024-03-07,0.005039765766362603,0.004767023427899808
2024-03-08,0.0025108881001799756,0.006250526823322389
2024-03-11,-0.006180379971315237,-0.010165632108118716
2024-03-12,0.0013049395250007258,0.00437011320916203
2024-03-13,0.002549023237927456,0.007633062185367523
2024-03-14,0.00024370015627098735,0.00031891474981193824
2024-03-15,-0.015788099572342743,-0.010015202826538783
2024-03-18,0.007974037989814775,0.006140553778260838
2024-03-19,-0.005260376113171273,-0.003041876887201256
2024-03-20,0.00099344981682723,0.00828942457740034
2024-03-21,0.000819202895032878,0.013844949270648721
2024-03-22,-0.003137287330513839,-0.0020843896170889
2024-03-25,-0.005076569131536212,-0.004379599163571224
2024-03-26,-0.00020276100276669375,0.0017875356527203845
2024-03-27,0.001525352182311429,-0.00048577393022575244
2024-03-28,0.0035010895844363845,0.004155843476371102
2024-04-01,0.004951970133400446,0.0018941260043179309
2024-04-02,-0.0034554321748127446,-0.010209296285038971
2024-04-03,-0.0009281028918204316,-0.0019061047329305136
2024-04-04,0.003441334281998998,0.009564140863897341
2024-04-05,-0.012785473689219772,-0.01622784156224677
2024-04-08,0.003392537678721347,0.01016096684217449
2024-04-09,0.0011665400352006416,0.0010860230306966034
2024-04-10,-0.006714139026093331,-0.009421050744926496
2024-04-11,0.002664750141536021,0.0009811204236505056
2024-04-12,-0.005859185957133934,-0.0002784541959838238
2024-04-15,-0.0007344840177322899,-0.004223107900746759
2024-04-16,-0.0052642937545526415,-0.016521462426862144
2024-04-17,0.000489026685882138,0.0008649014488617546
2024-04-18,-0.004284297340674637,-0.007388126922275529
2024-04-19,-0.000688613979944025,-0.005183339830461375
2024-04-22,0.002317828209087425,-0.0036180362751814243
2024-04-23,0.004182308805089741,0.008325099578502249
2024-04-24,0.0010790979678448887,0.011137688445138627
2024-04-25,-0.005491690953457268,-0.012779109398467936
2024-04-26,4.5601412578172296e-05,0.012902703061285381
2024-04-29,0.0016900834143392495,0.005797838796169907
2024-04-30,0.004159247272727518,-0.002023823777146272
2024-05-01,-0.0028818888934837197,-0.014646008085498097
2024-05-02,0.00218531138716363,0.004034583195825947
2024-05-03,0.0022698956551423454,0.014548486428836105
2024-05-06,0.0027343688860076544,0.003833882685267742
2024-05-07,0.002840503705321568,0.008708015704243177
2024-05-08,-0.0035247335600066933,-0.003512533574511978
2024-05-09,0.0020236557769096938,0.0038788706404859763
2024-05-10,0.005584924154576077,0.0070264482433786135
2024-05-13,0.0007743277169842023,0.0014524653974226087
2024-05-14,0.0003033774575195769,-0.002289279026863711
2024-05-15,0.005444580866066817,0.008074862994424281
2024-05-16,0.004414710454595955,0.008893738990325417
2024-05-17,0.004179289262403142,-0.001312548948172343
2024-05-20,0.000519337654108537,0.00042428013021944544
2024-05-21,-0.0021583987477789782,-0.0012553660224877694
2024-05-22,-0.0016564824542065041,0.003885836683724886
2024-05-23,-0.0009696967495079647,0.003944139303838856
2024-05-24,-0.004991875212843145,-0.011012492442980859
2024-05-28,0.0029919633745355556,0.0065247156866279354
2024-05-29,-0.0053887571754133775,-0.006994131708102036
2024-05-30,-0.006543187038226589,-0.003591765634471056
2024-05-31,0.0026312954134564636,-0.0031484377705217614
2024-06-03,0.004679520162041707,0.01028757990012008
2024-06-04,-0.006771507959856722,-0.0035697815461827043
2024-06-05,-0.0005486747264988434,0.006865876596092724
2024-06-06,0.0031958834608449005,0.008151281852214032
2024-06-07,-0.0006939662921062629,-0.0026110990712102655
2024-06-10,-0.0005793605199494734,-0.0004846436758797479
2024-06-11,-0.00012691538405110164,0.002205448321249248
2024-06-12,0.00266596479630703,0.010485687056323467
2024-06-13,-0.004700424378940832,0.006063876016912273
2024-06-14,-0.003641941510828856,-0.003280104132112882
2024-06-17,-0.00020070130741862708,0.0012960327013977757
2024-06-18,0.0009477316718837282,0.008292971454510134
2024-06-20,0.0017740544697388617,0.004353484191703005
2024-06-21,0.0022393027810660437,-0.0060400497870202186
2024-06-24,0.0001391574100935545,-0.0013152083187261132
2024-06-25,0.0022471950673151222,0.00021062102346602884
2024-06-26,-0.004035102609606128,-3.6660906731489362e-06
2024-06-27,-0.0016672555154825075,0.002358646202533121
2024-06-28,0.002294469281696232,0.0027203603382435215
2024-07-01,-0.0028929165398403236,-0.0031702588705195822
2024-07-02,-0.006521421096583185,-0.0016889232551987599
2024-07-03,0.0036975700515018473,0.00834885294346921
2024-07-05,0.0012651765636536305,0.005532555083291646
2024-07-08,0.003087490063160825,0.006291153660317184
2024-07-09,0.0004801066862334003,0.002061860728545195
2024-07-10,0.0002604119973487417,0.0012570252989456687
2024-07-11,0.006467739962412689,0.007860517513907261
2024-07-12,0.0042277658614918836,-0.00788793951256872
2024-07-15,0.0012861486622900377,0.008478345092994832
2024-07-16,-0.005135517069653045,0.0010517061125741023
2024-07-17,0.0021065607683207147,-0.006027547482951978
2024-07-18,-0.002938743240032499,-0.00026911708272903123
2024-07-19,-0.0029806240359308506,-0.011623293808962987
2024-07-22,-0.0008971517988087709,0.00021104884759060027
2024-07-23,-0.0012793690883058154,0.003744181749747222
2024-07-24,-0.003787068478084343,-0.01068405351449686
2024-07-25,-0.0011264915482152916,-0.014010514404095065
2024-07-26,0.009128451772520939,0.0009154542309761649
2024-07-29,0.0057604972797883226,0.00789151410170752
2024-07-30,-0.00048729250131463445,0.00039809293423820336
2024-07-31,0.003326377747515852,0.004902571102610054
2024-08-01,0.006087065972700163,0.00585768299405931
2024-08-02,-0.0056873283097009794,-0.029110621738084652
2024-08-05,-0.0075165972572534935,-0.041938863378819136
2024-08-06,-0.0014138024097656021,0.010731563049935389
2024-08-07,0.003426542674541544,0.016654430921559715
2024-08-08,-0.0028095262835811765,-0.0076627741037403885
2024-08-09,0.003378089061545131,0.011820943673125806
2024-08-12,-0.0006162880789841952,0.0070032185442243655
2024-08-13,-0.0007631083701884033,0.0046899590808939795
2024-08-14,0.0018937425953029275,0.01215922005474912
2024-08-15,0.003189885553247024,0.010798627986319254
2024-08-16,0.0008795472657163739,0.0053389245142643205
2024-08-19,0.0008217845550643089,0.004833194190172696
2024-08-20,0.0028568551460695646,0.008214506598465343
2024-08-21,-0.0006461966991835822,3.747375312190826e-05
2024-08-22,0.004272343150368574,0.006189473442039128
2024-08-23,-0.0017980717516062562,-0.006257755288709532
2024-08-26,0.0016656094685842115,0.0066345357724924
2024-08-27,-0.0005933680852040713,-0.006519899872069579
2024-08-28,0.0006156925889349741,0.0038586565823528485
2024-08-29,0.0008029319596666751,-0.0030598152825124236
2024-08-30,0.0012552518319874308,0.0009702405573093209
2024-09-03,0.0014901760233863805,0.0019865345407334978
2024-09-04,-0.0030387848305755637,-0.020841438592875128
2024-09-05,0.0006920727058586763,0.0024333903397337764
2024-09-06,-0.0025138197697588465,-0.0023097491013809313
2024-09-09,-4.6957629535304614e-05,-0.011849708112731894
2024-09-10,0.0018375909396136094,0.008901014314568023
2024-09-11,-3.458111494804579e-05,0.0010764312426876366
2024-09-12,0.0009708425359426342,0.01110905998115963
2024-09-13,-0.0029856087958145755,0.008251916955602123
2024-09-16,0.0028216894708318952,0.0021184003680840835
2024-09-17,0.002860302673805304,0.007176900769133798
2024-09-18,-0.00362022070587621,-0.0024453303799081283
2024-09-19,0.0030666008229125073,0.010803467253052812
2024-09-20,-0.004843422083941196,0.0012293019274105532
2024-09-23,0.000847714130049715,0.00039578074465107527
2024-09-24,0.002383773970383085,0.0027591964452637896
2024-09-25,0.0014458053076635059,0.0010457579413496454
2024-09-26,0.0029511582180557776,0.004982918906213829
2024-09-27,0.006373326224718413,-0.001190574345775186
2024-09-30,-0.0009575720948068078,-0.00501095403851215
2024-10-01,0.002234747990297509,0.005450074535853
2024-10-02,-0.0031625905239772495,-0.010349537743544635
2024-10-03,4.2925807730004437e-05,8.740516432625967e-06
2024-10-04,-0.0016967107432263318,0.006895178901811683
2024-10-07,-0.0013624403489783498,5.574297772525938e-05
2024-10-08,-0.0010563038173046267,-0.003252059779692229
2024-10-09,-0.0002798481304829293,0.005710590611176736
2024-10-10,-0.0012837059122246474,0.004617695242470798
2024-10-11,-0.00596391841128041,-0.0005659079061568484
2024-10-14,0.0021595874873728163,0.009475214468389614
2024-10-15,0.00116323179543254,0.006334713380037327
2024-10-16,-0.004749881776091847,-0.00854991941795824
2024-10-17,0.0024349659192836937,0.010150301082338276
2024-10-18,-0.0032702147191575382,-0.0027554438652169777
2024-10-21,-0.0003660273941432757,-0.0002748307453438459
2024-10-22,-0.001897759829687512,-0.004288221498789491
2024-10-23,-0.003591073076832818,0.00030857143813878274
2024-10-24,-0.0010672950764966883,-0.0028623181613677273
2024-10-25,-0.001359073657684806,0.0015384158295184136
2024-10-28,-0.0018906809740644125,0.0012322779905178383
2024-10-29,0.000643510042595391,-0.002442607225426996
2024-10-30,-0.0005620351924801703,0.002228597821659406
2024-10-31,-0.0007841467377728288,-0.009825732652103958
2024-11-01,0.0033425450007226075,-0.009024512897306547
2024-11-04,-0.0016885922923209951,0.0003371681374404467
2024-11-05,-0.0030102744068339457,-0.0004750489697024074
2024-11-06,0.009294232813657677,0.024895010784129035
2024-11-07,-0.003185536354485974,0.014036038578687737
2024-11-08,-0.001074601249306817,0.004968683614936964
2024-11-11,-0.0049474452876050465,0.005370819459880494
2024-11-12,-0.0006053640379999835,-0.0008753350460277698
2024-11-13,-0.00018457130415445167,-0.002973232288276284
2024-11-14,0.0020055647161078996,0.0006565886950256061
2024-11-15,-0.003398441221858306,-0.012837102226200381
2024-11-18,-9.37236627553405e-05,-0.006531623300059408
2024-11-19,-0.0003980853606791235,-0.0007013956426689116
2024-11-20,0.00028076897543117825,0.0075450874415294855
2024-11-21,0.0002965730979386405,0.004436713998220654
2024-11-22,0.0009989836969574119,0.000636265332095709
2024-11-25,0.0015559781650019366,0.008061409971324984
2024-11-26,0.0008197027961322656,0.0012933307986049414
2024-11-27,0.003916311541812595,0.002346668038187616
2024-11-29,-0.0009729310181099849,-0.0016843528041193823
2024-12-02,4.4662620040102785e-06,0.006017655443561143
2024-12-03,-0.0037050780122216465,0.0004735595257776559
2024-12-04,-0.0033506592300493357,0.004372009282803235
2024-12-05,-0.00015532211343550738,0.0032358520370412425
2024-12-06,0.003420101186153274,-0.0012563417512587716
2024-12-09,0.0006752777947127696,0.000268012004496887
2024-12-10,-0.002377086902505854,-0.00417883956370535
2024-12-11,0.00042044633629317874,0.00042261999570536446
2024-12-12,-0.006982301700720678,0.002333298176878662
2024-12-13,-0.0007151176203222976,-0.0010075444452178894
2024-12-16,-0.001153591504304724,-0.0007217798560174016
2024-12-17,-0.0017375878640250365,-0.0018536648371053621
2024-12-18,4.611087454052252e-05,-0.0008095600204652831
2024-12-19,-0.0009751807554080617,-0.022312789858082605
2024-12-20,0.0012277954166395435,-0.011958976747489358
2024-12-23,0.000586214291975068,0.01681787059226303
2024-12-24,0.00042997296892041686,0.007471046304869278
2024-12-26,0.0008460037146545364,0.006740656117616428
2024-12-27,-0.0001223154976582819,-0.0031203960016983334
2024-12-30,-0.0022355550974037133,-0.014235361488625475
2024-12-31,8.057444023693017e-05,-0.00015702403820305744
2025-01-02,0.0007122280967139849,-0.0027839851239249702
2025-01-03,-0.0007774624864415159,-0.002064950872945226
2025-01-06,0.0011901889695234702,0.015572763031571402
2025-01-07,-0.0008179350712984203,0.001746621893208955
2025-01-08,0.0020009050729241696,-0.013782083975194759
2025-01-10,-0.0020763812800377035,-0.003436174311641671
2025-01-13,-0.003750492497532021,-0.018391110261528287
2025-01-14,0.0037012123296576217,0.013360382658492265
2025-01-15,0.003050085104323319,0.007840557143315552
2025-01-16,-0.0014182667309662778,0.009889555617845991
2025-01-17,0.004166391573264517,0.005330670481688449
2025-01-21,0.0027085966249198955,0.0031224297208984897
2025-01-22,0.0034561730405986315,0.011185346853815226
2025-01-23,0.0013735469070014438,-0.0008337423493661733
2025-01-24,0.001982538891556118,0.0074239593812526206
2025-01-27,0.0019124104945976942,-0.024894531562520195
2025-01-28,0.004973062427940755,0.009705107588849238
2025-01-29,-0.0015870060273309285,0.0050987443729297866
2025-01-30,0.00042648332375442866,-0.00114733233544273
2025-01-31,0.005064384863081423,0.007608980549931754
2025-02-03,-0.004968634460758204,-0.020853619019870373
2025-02-04,0.0011093635679995774,0.004772513437314663
2025-02-05,0.004531014215965435,0.0037194960579822745
2025-02-06,0.0010968730705797015,0.008599027955012106
2025-02-07,-0.0028297651913644587,0.001796652226492279
2025-02-10,-0.0018452421177390433,-0.006038006943190233
2025-02-11,-0.0017926542103591792,0.00048291907947861645
2025-02-12,-0.0016587596806567574,-0.004007020094507929
2025-02-13,0.0018427173300559264,0.005893658700723892
2025-02-14,0.0010961866483552242,0.009063503255858363
2025-02-18,-0.002539823879623321,0.0009942045983959424
2025-02-19,0.0020687225732065164,-0.0006273412130792799
2025-02-20,0.001888876148108587,0.0027363340530404123
2025-02-21,-0.00040659346226419325,-0.0033254384780748714
2025-02-24,-0.003065891952623007,-0.014296487603058239
2025-02-25,0.002054544005314557,-0.007294213136049055
2025-02-26,0.00013778641090695916,-0.001982349750025092
2025-02-27,0.0009282366556645273,0.0018439130995846487
2025-02-28,0.002522159349045666,-0.02091978623593882
2025-03-03,0.0027673727864324428,0.019053234271010577
2025-03-04,-0.0006277389988198876,-0.026196623780796124
2025-03-05,-0.005060896693237939,-0.005268448496106193
2025-03-06,0.0009584098201750436,0.0007801372017846031
2025-03-07,-0.002378459581430187,-0.010345954947152847
2025-03-10,-7.071191823413985e-05,-0.003604543003298044
2025-03-11,0.0022110338801880902,-0.017828854702575114
2025-03-12,-0.0020194714722807598,0.0037814534768467745
2025-03-13,-0.000668960894454751,-0.005402757995192964
2025-03-14,-0.0031877938965407192,-0.005469723849162
2025-03-17,0.002704516591964157,0.012895746423906118
2025-03-18,0.0025572667823895003,0.0033589479686240153
2025-03-19,-0.0017640273873553163,-0.0039189232015226505
2025-03-20,0.0006919801366211287,0.002583247262657684
2025-03-21,-0.00103412324788702,-0.002867039311737596
2025-03-24,0.00020266312939033472,0.0155131036223084
2025-03-25,0.0014754655458841305,0.010122258174369403
2025-03-26,-0.0019221165653889598,-0.0007444311796791503
2025-03-27,0.0002655881690940942,-0.01317125705139266
2025-03-28,0.00024006624360555247,-0.0028864080264243697
2025-03-31,-0.0014662844711369639,-0.0266393213585554
2025-04-01,0.003303021209813162,0.012594204127492237
2025-04-02,-0.001003334363183306,-0.0029959678956459346
2025-04-03,-0.0006007109680953028,-0.01577196205293785
2025-04-04,-0.00626387136333621,-0.036520951127607004
2025-04-07,-0.016118430130705637,-0.0639344554216652
2025-04-08,0.0019543703738285623,0.0484032999512487
2025-04-09,-0.010021926223849183,-0.04395628571275456
2025-04-10,0.0017964327890507836,0.07811646754469725
2025-04-11,-0.001036543379306848,-0.018230358859794404
2025-04-14,0.003719113894603365,0.035467181473638254
2025-04-15,0.00029187258619108866,-0.0055071567555849965
2025-04-16,-0.00023714884159515287,-0.014087282325594308
2025-04-17,-0.0013343379103899987,-0.005678640245045163
2025-04-21,-0.0002235223390469443,-0.013667125547670689
2025-04-22,-0.0005327327346196286,-0.004829029152675357
2025-04-23,0.004090866351468103,0.036148604428489106
2025-04-24,-0.0021975259514408372,-0.0026946358124320113
2025-04-25,0.0011068540670883086,0.020134259244976915
2025-04-28,-0.0005894615523664715,0.007193474818524281
2025-04-29,0.000977667401655269,-0.003680464308803977
2025-04-30,0.00117989749471073,-0.0017118166848457683
2025-05-01,-0.0017323389320935026,0.022856908458274372
2025-05-02,0.002146061908916608,0.003686974117919073
2025-05-05,0.0014383081967257795,0.0016720053565055792
2025-05-06,-0.0016316942697165936,-0.00874392758822995
2025-05-07,-0.0015963995887451623,0.001482385146289955
2025-05-08,-0.0002363393335383544,0.008802696088770157
2025-05-09,0.000565637383892992,0.0028338520394726174
